27891,0.016119812,0.019903257
27901,0.01450783,0.017912932
27911,0.013057047,0.016121639
27921,0.011751342,0.014509475
27931,0.010576207,0.013058527
27941,0.009518586,0.011752674
27951,0.008566727,0.010577407
27961,0.007710054,0.0095196655
27971,0.0069390484,0.008567698
27981,0.0062451432,0.007710928
27991,0.0056206286,0.006939835
28001,0.0050585656,0.006245851
28011,0.004552709,0.0056212656
28021,0.004097438,0.005059139
28031,0.003687694,0.004553225
28041,0.0033189245,0.004097902
28051,0.0029870318,0.003688112
28061,0.0026883285,0.0033193007
28071,0.0024194955,0.0029873706
28081,0.0021775458,0.0026886335
28091,0.0019597912,0.00241977
28101,0.001763812,0.0021777928
28111,0.0015874308,0.0019600135
28121,0.0014286877,0.0017640122
28131,0.0012858189,0.0015876109
28141,0.001157237,0.0014288498
28151,0.0010415133,0.0012859647
28161,0.0009373619,0.0011573682
28171,0.0008436257,0.0010416313
28181,0.0007592631,0.0009374682
28191,0.0006833368,0.0008437214
28201,0.0006150031,0.0007593492
28211,0.00055350276,0.0006834143
28221,0.00049815245,0.00061507284
28231,0.0004483372,0.00055356557
28241,0.00040350348,0.000498209
28251,0.0003631531,0.00044838808
28261,0.0003268378,0.00040354926
28271,0.00029415402,0.00036319433
28281,0.0002647386,0.0003268749
28291,0.00023826474,0.0002941874
28301,0.00021443826,0.00026476866
28311,0.00019299443,0.00023829179
28321,0.00017369498,0.0002144626
28331,0.00015632548,0.00019301634
28341,0.00014069292,0.0001737147
28351,0.00012662362,0.00015634322
28361,0.00011396126,0.00014070889
28371,0.00010256513,0.000126638
28381,0.00009230861,0.000113974194
28391,0.00008307775,0.00010257677
28401,0.000074769974,0.00009231909
28411,0.000067292975,0.00008308718
28421,0.000060563674,0.00007477846
28431,0.000054507305,0.00006730061
28441,0.000049056573,0.000060570546
28451,0.000044150915,0.00005451349
28461,0.000039735824,0.00004906214
28471,0.00003576224,0.000044155924
28481,0.000032186017,0.00003974033
28491,0.000028967415,0.000035766298
28501,0.000026070673,0.000032189666
28511,0.000023463605,0.000028970699
28521,0.000021117243,0.000026073629
28531,0.000019005518,0.000023466266
28541,0.000017104965,0.000021119638
28551,0.000015394467,0.000019007673
28561,0.00001385502,0.000017106906
28571,0.000012469518,0.000015396216
28581,0.000011222566,0.000013856594
28591,0.00001010031,0.000012470934
28601,0.000009090279,0.00001122384
28611,0.00000818125,0.000010101456
28621,0.0000073631254,0.00000909131
28631,0.0000066268126,0.000008182179
28641,0.000005964131,0.000007363961
28651,0.0000053677177,0.0000066275647
28661,0.0000048309457,0.000005964808
28671,0.0000043478512,0.000005368327
28681,0.000003913066,0.000004831494
28691,0.0000035217593,0.0000043483446
28701,0.0000031695834,0.00000391351
28711,0.000002852625,0.0000035221592
28721,0.0000025673623,0.0000031699433
28731,0.000002310626,0.000002852949
28741,0.0000020795635,0.000002567654
28751,0.0000018716071,0.0000023108887
28761,0.0000016844464,0.0000020797997
28771,0.0000015160017,0.0000018718197
28781,0.0000013644014,0.0000016846377
28791,0.0000012279613,0.0000015161739
28801,0.0000011051652,0.0000013645565
28811,0.0000009946486,0.0000012281008
28821,0.00000089518375,0.0000011052907
28831,0.00000080566537,0.0000009947616
28841,0.0000007250988,0.00000089528544
28851,0.0000006525889,0.0000008057569
28861,0.00000058732996,0.00000072518117
28871,0.00000052859696,0.000000652663
28881,0.00000047573724,0.0000005873967
28891,0.0000004281635,0.00000052865704
28901,0.00000038534714,0.00000047579132
28911,0.0000003468124,0.0000004282122
28921,0.00000031213116,0.00000038539096
28931,0.00000028091804,0.00000034685186
28941,0.00000025282623,0.00000031216666
28951,0.0000002275436,0.00000028095
28961,0.00000020478923,0.000000252855
28971,0.00000018431031,0.00000022756949
28981,0.00000016587927,0.00000020481254
28991,0.00000014929134,0.00000018433128
29001,0.0000001343622,0.00000016589816
29011,0.00000012092598,0.00000014930833
29021,0.000000108833376,0.0000001343775
29031,0.000000097950036,0.00000012093975
29041,0.000000088155026,0.00000010884577
29051,0.00000007933952,0.00000009796119
29061,0.000000071405566,0.000000088165066
29071,0.00000006426501,0.00000007934856
29081,0.000000057838506,0.0000000714137
29091,0.000000052054652,0.00000006427233
29101,0.000000046849184,0.000000057845092
29111,0.000000042164263,0.00000005206058
29121,0.000000037947835,0.000000046854524
29131,0.00000003415305,0.00000004216907
29141,0.000000030737745,0.000000037952162
29151,0.000000027663969,0.000000034156944
29161,0.000000024897572,0.000000030741248
29171,0.000000022407814,0.000000027667122
29181,0.000000020167032,0.000000024900409
29191,0.00000001815033,0.000000022410367
29201,0.000000016335296,0.00000002016933
29211,0.000000014701766,0.000000018152395
29221,0.000000013231589,0.000000016337156
29231,0.00000001190843,0.000000014703439
29241,0.000000010717587,0.0000000132330955
29251,0.000000009645828,0.000000011909786
29261,0.000000008681245,0.000000010718807
29271,0.00000000781312,0.000000009646926
29281,0.0000000070318076,0.000000008682233
29291,0.0000000063286265,0.000000007814009
29301,0.000000005695764,0.000000007032608
29311,0.0000000051261875,0.000000006329347
29321,0.0000000046135686,0.000000005696412
29331,0.0000000041522115,0.0000000051267706
29341,0.0000000037369903,0.0000000046140936
29351,0.0000000033632912,0.000000004152684
29361,0.000000003026962,0.0000000037374153
29371,0.0000000027242657,0.0000000033636736
29381,0.0000000024518392,0.0000000030273062
29391,0.0000000022066553,0.0000000027245755
29401,0.0000000019859898,0.0000000024521178
29411,0.0000000017873908,0.000000002206906
29421,0.0000000016086517,0.0000000019862154
29431,0.0000000014477864,0.0000000017875939
29441,0.0000000013030078,0.0000000016088344
29451,0.000000001172707,0.0000000014479509
29461,0.0000000010554363,0.0000000013031557
29471,0.0000000009498926,0.00000000117284
29481,0.0000000008549033,0.000000001055556
29491,0.000000000769413,0.0000000009500003
29501,0.00000000069247164,0.00000000085500024
29511,0.00000000062322447,0.0000000007695002
29521,0.000000000560902,0.00000000069255013
29531,0.0000000005048118,0.0000000006232951
29541,0.0000000004543306,0.00000000056096555
29551,0.00000000040889753,0.000000000504869
29561,0.00000000036800776,0.00000000045438206
29571,0.00000000033120698,0.00000000040894385
29581,0.00000000029808628,0.00000000036804945
29591,0.00000000026827765,0.0000000003312445
29601,0.0000000002414499,0.00000000029812006
29611,0.0000000002173049,0.00000000026830804
29621,0.0000000001955744,0.00000000024147723
29631,0.00000000017601696,0.0000000002173295
29641,0.00000000015841527,0.00000000019559655
29651,0.00000000014257373,0.0000000001760369
29661,0.00000000012831636,0.0000000001584332
29671,0.00000000011548472,0.00000000014258987
29681,0.00000000010393624,0.00000000012833087
29691,0.00000000009354262,0.000000000115497785
29701,0.00000000008418835,0.000000000103948
29711,0.000000000075769516,0.0000000000935532
29721,0.00000000006819256,0.00000000008419788
29731,0.0000000000613733,0.000000000075778085
29741,0.000000000055235972,0.00000000006820027
29751,0.000000000049712373,0.00000000006138024
29761,0.000000000044741134,0.000000000055242217
29771,0.00000000004026702,0.000000000049717994
29781,0.000000000036240316,0.000000000044746193
29791,0.000000000032616285,0.00000000004027157
29801,0.000000000029354654,0.000000000036244414
29811,0.000000000026419188,0.000000000032619973
29821,0.000000000023777268,0.000000000029357974
29831,0.00000000002139954,0.000000000026422177
29841,0.000000000019259585,0.000000000023779959
29851,0.000000000017333626,0.000000000021401962
29861,0.000000000015600262,0.000000000019261766
29871,0.000000000014040236,0.00000000001733559
29881,0.000000000012636212,0.00000000001560203
29891,0.000000000011372591,0.000000000014041827
29901,0.000000000010235332,0.0000000000126376435
29911,0.000000000009211798,0.000000000011373879
29921,0.000000000008290618,0.000000000010236491
29931,0.0000000000074615565,0.000000000009212842
29941,0.000000000006715401,0.0000000000082915575
29951,0.0000000000060438607,0.000000000007462401
29961,0.0000000000054394744,0.000000000006716161
29971,0.0000000000048955267,0.0000000000060445446
29981,0.000000000004405974,0.0000000000054400902
29991,0.000000000003965376,0.000000000004896081
30001,0.0000000000035688386,0.0000000000044064726
30011,0.0000000000032119546,0.000000000003965825
30021,0.000000000002890759,-0.044879895
30031,0.000000000002601683,-0.0852718
30041,-0.044879895,-0.121624514
30051,-0.0852718,-0.15434195
30061,-0.16650441,-0.18378764
30071,-0.28449365,-0.25516868
30081,-0.39068395,-0.3194116
30091,-0.44137534,-0.4221101
30101,-0.5767574,-0.5594187
30111,-0.74348104,-0.6829964
30121,-0.8935324,-0.8390962
30131,-1.0734586,-0.979586
30141,-1.280272,-1.1957867
30151,-1.4664041,-1.3903673
30161,-1.6788028,-1.6103697
30171,-1.8699617,-1.8083719
30181,-2.0868845,-2.0314536
30191,-2.326995,-2.2771072
30201,-2.5430942,-2.5430753
30211,-2.7824636,-2.8273265
30221,-3.0427759,-3.0382726
30231,-3.277057,-3.317884
30241,-3.4879098,-3.5246542
30251,-3.7674372,-3.8005073
30261,-4.019012,-4.0936546
30271,-4.290309,-4.357487
30281,-4.5344763,-4.594937
30291,-4.7991066,-4.8086414
30301,-5.037274,-5.0458555
30311,-5.2516246,-5.304228
30321,-5.48942,-5.536763
30331,-5.748316,-5.7909245
30341,-5.9364424,-6.01967
30351,-6.150636,-6.2255406
30361,-6.3882904,-6.500584
30371,-6.602179,-6.7032433
30381,-6.7946787,-6.885637
30391,-6.9679284,-7.049791
30401,-7.168733,-7.242409
30411,-7.3494573,-7.4606457
30421,-7.556989,-7.6570587
30431,-7.698888,-7.7889504
30441,-7.8714767,-7.952533
30451,-8.026807,-8.099757
30461,-8.166604,-8.277139
30471,-8.337301,-8.391903
30481,-8.446049,-8.540071
30491,-8.543921,-8.628541
30501,-8.721766,-8.753044
30511,-8.836947,-8.909977
30521,-8.94061,-9.006337
30531,-9.033907,-9.137941
30541,-9.117874,-9.211505
30551,-9.193444,-9.322592
30561,-9.306337,-9.42257
30571,-9.407942,-9.467671
30581,-9.454506,-9.553142
30591,-9.541293,-9.585185
30601,-9.619402,-9.703784
30611,-9.689699,-9.765643
30621,-9.752967,-9.821317
30631,-9.809908,-9.826543
30641,-9.816275,-9.876126
30651,-9.866885,-9.920752
30661,-9.9573145,-9.960915
30671,-9.993821,-10.041941
30681,-10.026677,-10.069984
30691,-10.056247,-10.0503435
30701,-10.08286,-10.122427
30711,-10.151691,-10.187302
30721,-10.21364,-10.2008095
30731,-10.224514,-10.212966
30741,-10.189421,-10.179028
30751,-10.247597,-10.238242
30761,-10.299954,-10.291535
30771,-10.3021965,-10.29462
30781,-10.3042145,-10.297396
30791,-10.306031,-10.299894
30801,-10.352546,-10.302143
30811,-10.349529,-10.304167
30821,-10.391694,-10.305988
30831,-10.384763,-10.307628
30841,-10.333644,-10.264223
30851,-10.332518,-10.270039
30861,-10.376384,-10.320152
30871,-10.415863,-10.3203745
30881,-10.361634,-10.275695
30891,-10.357709,-10.280363
30901,-10.354176,-10.284565
30911,-10.395876,-10.288346
30921,-10.388526,-10.291749
30931,-10.337031,-10.249932
30941,-10.335566,-10.2122965
30951,-10.334247,-10.178425
30961,-10.333059,-10.192821
30971,-10.331991,-10.160896
30981,-10.33103,-10.177045
30991,-10.285285,-10.101818
31001,-10.288994,-10.123874
31011,-10.292333,-10.098845
31021,-10.295337,-10.121198
31031,-10.25316,-10.096436
31041,-10.215202,-10.02927
31051,-10.22592,-10.058581
31061,-10.235565,-10.040081
31071,-10.2442465,-10.068311
31081,-10.20718,-10.048838
31091,-10.218699,-9.986432
31101,-10.229067,-10.020026
31111,-10.238398,-10.0502615
31121,-10.246796,-10.077473
31131,-10.209474,-10.057083
31141,-10.175884,-10.038733
31151,-10.145654,-10.067097
31161,-10.163326,-10.092625
31171,-10.179232,-10.07072
31181,-10.148666,-10.051005
31191,-10.076278,-10.033262
31201,-10.100887,-10.062174
31211,-10.123036,-10.043314
31221,-10.09809,-10.0263405
31231,-10.075639,-10.011065
31241,-10.055432,-10.042196
31251,-10.082127,-10.025334
31261,-10.061272,-10.055038
31271,-10.087382,-10.036893
31281,-10.066002,-10.020561
31291,-10.04676,-10.005863
31301,-10.074322,-9.992635
31311,-10.099128,-10.070489
31321,-10.076572,-10.050797
31331,-10.101153,-10.033075
31341,-10.078396,-10.017126
31351,-10.057914,-10.047651
31361,-10.08436,-10.030244
31371,-10.063282,-10.059457
31381,-10.044312,-10.040869
31391,-10.027238,-10.024139
31401,-10.056752,-10.053964
31411,-10.083315,-10.080805
31421,-10.062342,-10.104962
31431,-10.043466,-10.081824
31441,-10.026477,-10.061
31451,-10.0560665,-10.042257
31461,-10.082698,-10.07027
31471,-10.106666,-10.0506
31481,-10.083357,-10.032898
31491,-10.017499,-10.016966
31501,-10.047987,-10.047507
31511,-10.030546,-10.074994
31521,-10.05973,-10.0548525
31531,-10.041115,-10.036725
31541,-10.024362,-10.020411
31551,-10.009283,-10.050608
31561,-10.040592,-10.077785
31571,-10.0238905,-10.0573635
31581,-10.00886,-10.038985
31591,-9.995332,-10.022445
31601,-9.983156,-10.052438
31611,-10.017078,-10.079432
31621,-10.047608,-10.058846
31631,-10.030206,-10.040319
31641,-10.014543,-10.023645
31651,-10.000446,-10.053518
31661,-10.0326395,-10.080404
31671,-10.016733,-10.059722
31681,-10.002418,-10.041107
31691,-9.989533,-10.024354
31701,-9.977938,-10.054156
31711,-10.012382,-10.080978
31721,-9.998501,-10.060239
31731,-9.941129,-10.041573
31741,-9.934374,-10.024774
31751,-9.928294,-10.054534
31761,-9.922823,-10.081318
31771,-9.962778,-10.060544
31781,-9.953858,-10.041847
31791,-9.90095,-10.025021
31801,-9.898213,-10.054756
31811,-9.94063,-10.036638
31821,-9.933925,-10.065212
31831,-9.92789,-10.046049
31841,-9.877579,-10.028802
31851,-9.877179,-10.05816
31861,-9.876819,-10.084581
31871,-9.876494,-10.063481
31881,-9.876203,-10.044491
31891,-9.87594,-10.0274
31901,-9.875704,-10.012018
31911,-9.920371,-10.043055
31921,-9.960571,-10.070987
31931,-9.951872,-10.051246
31941,-9.944042,-10.033479
31951,-9.9369955,-10.0174885
31961,-9.9755335,-10.047977
31971,-10.010218,-10.030538
31981,-9.996553,-10.014842
31991,-9.984256,-10.000715
32001,-9.973188,-9.988002
32011,-10.052987,-10.02144
32021,-10.035047,-10.006654
32031,-10.06378,-9.993346
32041,-10.04476,-9.981369
32051,-10.027641,-9.97059
32061,-10.057115,-9.960889
32071,-10.083641,-9.952158
32081,-10.062634,-9.9443
32091,-10.043729,-9.892347
32101,-10.026713,-9.93535
32111,-10.10116,-9.974053
32121,-10.078402,-9.964005
32131,-10.0579195,-9.954963
32141,-10.039485,-9.946824
32151,-10.067774,-9.98438
32161,-10.093234,-10.06306
32171,-10.071268,-10.044111
32181,-10.051499,-10.071938
32191,-10.033708,-10.052102
32201,-10.062574,-10.034249
32211,-10.043674,-10.063062
32221,-10.071545,-10.088993
32231,-10.051748,-10.022572
32241,-10.033932,-10.007672
32251,-10.062777,-10.039143
32261,-10.043857,-10.067466
32271,-10.071709,-10.048077
32281,-10.051896,-10.030627
32291,-10.034064,-10.014922
32301,-10.018016,-10.000788
32311,-10.048452,-10.032947
32321,-10.030965,-10.06189
32331,-10.015226,-10.043058
32341,-10.001061,-10.026111
32351,-9.988313,-10.0557375
32361,-10.021719,-10.082401
32371,-10.006905,-10.061519
32381,-9.993572,-10.042725
32391,-9.981573,-10.02581
32401,-9.970774,-10.010587
32411,-10.005934,-10.041766
32421,-9.992699,-10.069827
32431,-9.980786,-10.050202
32441,-9.925185,-10.03254
32451,-9.920025,-10.0166445
32461,-9.96026,-10.047217
32471,-9.951592,-10.074734
32481,-9.898911,-10.054618
32491,-9.8963785,-10.036514
32501,-9.894098,-10.065101
32511,-9.936926,-10.090828
32521,-9.930592,-10.069103
32531,-9.9248905,-10.049551
32541,-9.91976,-10.031954
32551,-9.960022,-10.016116
32561,-9.996258,-10.046742
32571,-10.02887,-10.074306
32581,-10.013341,-10.054233
32591,-9.999365,-10.036167
32601,-10.031666,-10.019908
32611,-10.060737,-10.050155
32621,-10.086901,-10.077377
32631,-10.065569,-10.056997
32641,-10.04637,-10.038655
32651,-10.073971,-10.022147
32661,-10.098811,-10.09705
32671,-10.076288,-10.074702
32681,-10.100897,-10.05459
32691,-10.078165,-10.0364895
32701,-10.057707,-10.065079
32711,-10.084174,-10.090809
32721,-10.063114,-10.069086
32731,-10.044161,-10.049536
32741,-10.027102,-10.03194
32751,-10.01175,-10.060985
32761,-10.042813,-10.042244
32771,-10.070769,-10.070257
32781,-10.05105,-10.05059
32791,-9.988423,-10.032888
32801,-10.021819,-10.016957
32811,-10.051875,-10.09238
32821,-10.034045,-10.070499
32831,-10.017999,-10.050807
32841,-10.003556,-10.033084
32851,-10.035439,-10.017134
32861,-10.064133,-10.092538
32871,-10.089957,-10.0706415
32881,-10.068319,-10.050935
32891,-10.048845,-10.033199
32901,-10.076199,-10.017238
32911,-10.055937,-10.047751
32921,-10.082581,-10.075214
32931,-10.061681,-10.055051
32941,-10.0428705,-10.036903
32951,-10.025941,-10.020571
32961,-10.055585,-10.050752
32971,-10.037384,-10.033034
32981,-10.065884,-10.017089
32991,-10.001773,-10.002738
33001,-10.0338335,-10.034702
33011,-10.062688,-10.06347
33021,-10.0437765,-10.04448
33031,-10.026756,-10.0273905
33041,-9.966558,-9.92225
33051,-9.91238,-9.872502
33061,-9.86362,-9.82773
33071,-9.774856,-9.742556
33081,-9.650088,-9.621018
33091,-9.448038,-9.466755
33101,-9.311072,-9.327918
33111,-9.187803,-9.158085
33121,-8.987102,-9.005235
33131,-8.76159,-8.822789
33141,-8.558629,-8.568829
33151,-8.331084,-8.340264
33161,-8.081414,-8.179436
33171,-7.8567114,-7.944931
33181,-7.609599,-7.688997
33191,-7.342318,-7.413776
33201,-7.0568852,-7.166077
33211,-6.799996,-6.943148
33221,-6.568795,-6.742512
33231,-6.2709546,-6.47218
33241,-6.002898,-6.228881
33251,-5.7616477,-5.965032
33261,-5.4996424,-5.727568
33271,-5.2189574,-5.5138507
33281,-4.966341,-5.2766247
33291,-4.7389865,-5.0182414
33301,-4.489487,-4.7856965
33311,-4.264938,-4.576406
33321,-4.0628433,-4.388045
33331,-3.8360786,-4.12876
33341,-3.6319904,-3.8954034
33351,-3.403431,-3.6853826
33361,-3.1977274,-3.4963639
33371,-2.9677145,-3.281367
33381,-2.8055828,-3.0878701
33391,-2.6147842,-2.8688428
33401,-2.4430656,-2.7165983
33411,-2.3333988,-2.5346982
33421,-2.1898186,-2.3261082
33431,-1.9708368,-2.1383772
33441,-1.773753,-2.0142992
33451,-1.5963777,-1.8577491
33461,-1.4367399,-1.7168541
33471,-1.2930659,-1.5451686
33481,-1.1637592,-1.3906517
33491,-1.0473833,-1.2515866
33501,-0.94264495,-1.1264279
33511,-0.84838045,-1.058665
33521,-0.76354235,-0.9527985
33531,-0.6871881,-0.8575186
33541,-0.61846924,-0.7717667
33551,-0.5566223,-0.69459003
33561,-0.50096005,-0.6700109
33571,-0.45086405,-0.6030098
33581,-0.40577763,-0.5427088
33591,-0.36519986,-0.48843792
33601,-0.32867986,-0.43959412
33611,-0.29581186,-0.3956347
33621,-0.26623067,-0.35607123
33631,-0.2396076,-0.365344
33641,-0.21564683,-0.3288096
33651,-0.19408214,-0.29592863
33661,-0.17467391,-0.26633576
33671,-0.15720652,-0.23970218
33681,-0.14148587,-0.26061186
33691,-0.12733728,-0.23455067
33701,-0.11460355,-0.2110956
33711,-0.10314319,-0.18998604
33721,-0.09282887,-0.17098743
33731,-0.08354598,-0.15388869
33741,-0.075191386,-0.13849981
33751,-0.067672245,-0.12464983
33761,-0.06090502,-0.112184845
33771,-0.054814517,-0.10096636
33781,-0.049333066,-0.09086972
33791,-0.044399757,-0.08178274
33801,-0.03995978,-0.073604465
33811,-0.035963804,-0.06624401
33821,-0.032367423,-0.05961961
33831,-0.02913068,-0.053657647
33841,-0.026217612,-0.04829188
33851,-0.023595849,-0.04346269
33861,-0.021236263,-0.03911642
33871,-0.019112637,-0.035204776
33881,-0.017201373,-0.031684298
33891,-0.015481235,-0.028515868
33901,-0.013933112,-0.025664281
33911,-0.0125398,-0.023097852
33921,-0.01128582,-0.020788066
33931,-0.010157238,-0.01870926
33941,-0.009141514,-0.016838333
33951,-0.008227362,-0.015154499
33961,-0.007404626,-0.013639049
33971,-0.006664163,-0.0122751435
33981,-0.0059977467,-0.011047629
33991,-0.0053979717,-0.009942866
34001,-0.0048581744,-0.008948579
34011,-0.004372357,-0.008053721
34021,-0.003935121,-0.0072483486
34031,-0.0035416088,-0.0065235137
34041,-0.0031874478,-0.0058711623
34051,-0.0028687029,-0.005284046
34061,-0.0025818325,-0.0047556413
34071,-0.0023236491,-0.0042800773
34081,-0.0020912841,-0.0038520694
34091,-0.0018821557,-0.0034668623
34101,-0.00169394,-0.003120176
34111,-0.001524546,-0.0028081583
34121,-0.0013720914,-0.0025273424
34131,-0.0012348822,-0.002274608
34141,-0.0011113939,-0.0020471471
34151,-0.0010002545,-0.0018424324
34161,-0.00090022903,-0.0016581891
34171,-0.0008102061,-0.0014923702
34181,-0.00072918547,-0.001343133
34191,-0.00065626693,-0.0012088197
34201,-0.00059064024,-0.0010879377
34211,-0.0005315762,-0.0009791439
34221,-0.0004784186,-0.00088122947
34231,-0.00043057674,-0.0007931065
34241,-0.00038751905,-0.00071379583
34251,-0.00034876712,-0.00064241624
34261,-0.0003138904,-0.0005781746
34271,-0.00028250137,-0.0005203571
34281,-0.0002542512,-0.00046832138
34291,-0.00022882609,-0.00042148924
34301,-0.00020594348,-0.00037934032
34311,-0.00018534913,-0.00034140627
34321,-0.0001668142,-0.00030726564
34331,-0.00015013278,-0.00027653907
34341,-0.0001351195,-0.00024888516
34351,-0.00012160754,-0.00022399664
34361,-0.00010944678,-0.00020159697
34371,-0.0000985021,-0.00018143727
34381,-0.00008865189,-0.00016329353
34391,-0.000079786696,-0.00014696417
34401,-0.00007180803,-0.00013226776
34411,-0.000064627224,-0.000119040975
34421,-0.0000581645,-0.000107136875
34431,-0.00005234805,-0.00009642319
34441,-0.00004711324,-0.00008678086
34451,-0.000042401916,-0.00007810278
34461,-0.000038161725,-0.000070292495
34471,-0.00003434555,-0.000063263244
34481,-0.000030910993,-0.00005693692
34491,-0.000027819893,-0.000051243227
34501,-0.000025037903,-0.000046118905
34511,-0.000022534112,-0.000041507014
34521,-0.0000202807,-0.000037356313
34531,-0.00001825263,-0.00003362068
34541,-0.000016427366,-0.00003025861
34551,-0.0000147846295,-0.000027232749
34561,-0.000013306166,-0.000024509472
34571,-0.000011975549,-0.000022058524
34581,-0.000010777993,-0.000019852672
34591,-0.000009700194,-0.000017867405
34601,-0.000008730174,-0.000016080665
34611,-0.000007857157,-0.000014472598
34621,-0.000007071441,-0.000013025338
34631,-0.0000063642965,-0.000011722805
34641,-0.0000057278667,-0.000010550524
34651,-0.0000051550796,-0.000009495471
34661,-0.0000046395717,-0.000008545924
34671,-0.0000041756143,-0.000007691331
34681,-0.0000037580528,-0.000006922198
34691,-0.0000033822475,-0.0000062299778
34701,-0.0000030440226,-0.00000560698
34711,-0.0000027396202,-0.000005046282
34721,-0.000002465658,-0.0000045416537
34731,-0.0000022190923,-0.0000040874884
34741,-0.000001997183,-0.0000036787394
34751,-0.0000017974647,-0.0000033108654
34761,-0.0000016177182,-0.0000029797789
34771,-0.0000014559464,-0.0000026818009
34781,-0.0000013103518,-0.0000024136207
34791,-0.0000011793165,-0.0000021722585
34801,-0.0000010613849,-0.0000019550325
34811,-0.0000009552464,-0.0000017595293
34821,-0.0000008597217,-0.0000015835762
34831,-0.0000007737495,-0.0000014252186
34841,-0.0000006963745,-0.0000012826966
34851,-0.00000062673706,-0.000001154427
34861,-0.0000005640633,-0.0000010389842
34871,-0.000000507657,-0.0000009350858
34881,-0.00000045689126,-0.00000084157716
34891,-0.0000004112021,-0.0000007574194
34901,-0.0000003700819,-0.0000006816774
34911,-0.0000003330737,-0.00000061350966
34921,-0.00000029976633,-0.00000055215867
34931,-0.0000002697897,-0.0000004969428
34941,-0.00000024281073,-0.0000004472485
34951,-0.00000021852965,-0.00000040252365
34961,-0.00000019667668,-0.00000036227127
34971,-0.00000017700901,-0.00000032604413
34981,-0.00000015930812,-0.0000002934397
34991,-0.0000001433773,-0.00000026409575
35001,-0.00000012903958,-0.00000023768617
35011,-0.00000011613562,-0.00000021391755
35021,-0.00000010452205,-0.00000019252579
35031,-0.00000009406985,-0.00000017327321
35041,-0.00000008466286,-0.00000015594588
35051,-0.00000007619657,-0.00000014035129
35061,-0.00000006857691,-0.00000012631615
35071,-0.00000006171922,-0.000000113684536
35081,-0.000000055547297,-0.00000010231608
35091,-0.000000049992565,-0.00000009208447
35101,-0.000000044993307,-0.00000008287602
35111,-0.000000040493976,-0.000000074588414
35121,-0.00000003644458,-0.00000006712957
35131,-0.00000003280012,-0.00000006041661
35141,-0.000000029520107,-0.000000054374947
35151,-0.000000026568095,-0.00000004893745
35161,-0.000000023911285,-0.000000044043706
35171,-0.000000021520156,-0.000000039639335
35181,-0.00000001936814,-0.000000035675402
35191,-0.000000017431326,-0.00000003210786
35201,-0.000000015688192,-0.000000028897073
35211,-0.000000014119372,-0.000000026007365
35221,-0.000000012707435,-0.000000023406628
35231,-0.000000011436692,-0.000000021065965
35241,-0.000000010293022,-0.000000018959367
35251,-0.00000000926372,-0.00000001706343
35261,-0.000000008337348,-0.000000015357086
35271,-0.000000007503613,-0.000000013821377
35281,-0.0000000067532513,-0.000000012439239
35291,-0.000000006077926,-0.000000011195315
35301,-0.0000000054701332,-0.000000010075783
35311,-0.0000000049231197,-0.000000009068204
35321,-0.0000000044308077,-0.000000008161384
35331,-0.000000003987727,-0.000000007345245
35341,-0.0000000035889542,-0.0000000066107204
35351,-0.0000000032300587,-0.0000000059496483
35361,-0.0000000029070528,-0.0000000053546834
35371,-0.0000000026163474,-0.000000004819215
35381,-0.0000000023547126,-0.000000004337293
35391,-0.0000000021192412,-0.0000000039035637
35401,-0.000000001907317,-0.0000000035132073
35411,-0.0000000017165852,-0.0000000031618865
35421,-0.0000000015449266,-0.000000002845698
35431,-0.0000000013904339,-0.000000002561128
35441,-0.0000000012513904,-0.000000002305015
35451,-0.0000000011262513,-0.0000000020745134
35461,-0.0000000010136262,-0.000000001867062
35471,-0.00000000091226354,-0.0000000016803559
35481,-0.0000000008210372,-0.0000000015123203
35491,-0.00000000073893347,-0.0000000013610882
35501,-0.0000000006650401,-0.0000000012249793
35511,-0.00000000059853605,-0.0000000011024813
35521,-0.00000000053868243,-0.0000000009922332
35531,-0.0000000004848142,-0.00000000089300983
35541,-0.00000000043633275,-0.0000000008037088
35551,-0.00000000039269946,-0.00000000072333795
35561,-0.0000000003534295,-0.00000000065100414
35571,-0.00000000031808656,-0.0000000005859037
35581,-0.0000000002862779,-0.0000000005273133
35591,-0.0000000002576501,-0.000000000474582
35601,-0.00000000023188508,-0.00000000042712378
35611,-0.00000000020869657,-0.0000000003844114
35621,-0.0000000001878269,-0.00000000034597025
35631,-0.00000000016904421,-0.00000000031137323
35641,-0.00000000015213979,-0.0000000002802359
35651,-0.0000000001369258,-0.0000000002522123
35661,-0.00000000012323322,-0.00000000022699106
35671,-0.00000000011090989,-0.00000000020429196
35681,-0.0000000000998189,-0.00000000018386276
35691,-0.00000000008983701,-0.00000000016547648
35701,-0.00000000008085331,-0.00000000014892883
35711,-0.00000000007276798,-0.00000000013403594
35721,-0.00000000006549118,-0.00000000012063234
35731,-0.00000000005894206,-0.0000000001085691
35741,-0.00000000005304785,-0.000000000097712186
35751,-0.000000000047743063,-0.00000000008794097
35761,-0.000000000042968757,-0.00000000007914687
35771,-0.00000000003867188,-0.00000000007123218
35781,-0.000000000034804694,-0.00000000006410896
35791,-0.000000000031324224,-0.000000000057698065
35801,-0.000000000028191801,-0.000000000051928257
35811,-0.00000000002537262,-0.00000000004673543
35821,-0.000000000022835359,-0.00000000004206189
35831,-0.000000000020551822,-0.000000000037855698
35841,-0.00000000001849664,-0.00000000003407013
35851,-0.000000000016646975,-0.000000000030663114
35861,-0.000000000014982278,-0.000000000027596802
35871,-0.00000000001348405,-0.00000000002483712
35881,-0.000000000012135645,-0.000000000022353407
35891,-0.00000000001092208,-0.000000000020118065
35901,-0.000000000009829872,-0.000000000018106258
35911,-0.000000000008846885,-0.000000000016295632
35921,-0.000000000007962196,-0.000000000014666069
35931,-0.000000000007165976,-0.0000000000131994615
35941,-0.0000000000064493784,-0.000000000011879515
35951,-0.0000000000058044403,-0.000000000010691563
35961,-0.000000000005223996,-0.000000000009622406
35971,-0.0000000000047015963,-0.0000000000086601655
35981,-0.0000000000042314364,-0.000000000007794149
35991,-0.0000000000038082927,-0.000000000007014734
36001,-0.0000000000034274634,-0.0000000000063132602
36011,-0.000000000003084717,-0.000000000005681934
36021,0.044879895,-0.0000000000051137406
36031,0.0852718,-0.0000000000046023662
36041,0.121624514,0.044879895
36051,0.15434195,0.040391903
36061,0.18378764,0.036352713
36071,0.25516868,0.12247723
36081,0.3194116,0.1999893
36091,0.4221101,0.31463006
36101,0.51453876,0.37292683
36111,0.6874843,0.5151537
36121,0.8431353,0.6880378
36131,0.9832212,0.8885134
36141,1.1541784,1.0689415
36151,1.3529198,1.2762066
36161,1.576667,1.552505
36171,1.8229194,1.8011736
36181,1.9996666,2.0249753
36191,2.203619,2.2712767
36201,2.4769359,2.4929478
36211,2.7229211,2.7822118
36221,2.9891877,3.0425494
36231,3.2737076,3.276853
36241,3.5297754,3.4877264
36251,3.7602365,3.7223923
36261,4.057411,4.023351
36271,4.324868,4.249335
36281,4.5655794,4.4975996
36291,4.7822194,4.721038
36301,5.0220757,4.922132
36311,5.282826,5.192877
36321,5.5175014,5.4365473
36331,5.773589,5.6109705
36341,5.959188,5.8128314
36351,6.171107,6.0393863
36361,6.406714,6.2881656
36371,6.61876,6.512067
36381,6.809602,6.668698
36391,6.9813595,6.8545456
36401,7.180821,7.0218086
36411,7.3603363,7.2621055
36421,7.56678,7.3886127
36431,7.7077,7.547349
36441,7.8345275,7.690212
36451,7.993552,7.863668
36461,8.181555,8.019779
36471,8.305877,8.160279
36481,8.4626465,8.331609
36491,8.55886,8.396046
36501,8.690331,8.543798
36511,8.808656,8.676776
36521,8.915148,8.796456
36531,9.010991,8.904168
36541,9.09725,9.001109
36551,9.219763,9.088356
36561,9.330025,9.211759
36571,9.42926,9.322821
36581,9.473692,9.377896
36591,9.51368,9.472344
36601,9.59455,9.557347
36611,9.667333,9.63385
36621,9.687957,9.7027025
36631,9.751399,9.71979
36641,9.763617,9.735169
36651,9.819492,9.83877
36661,9.91466,9.887131
36671,10.000312,9.9306555
36681,9.987638,9.969828
36691,10.021112,10.005083
36701,10.051239,10.036813
36711,10.123233,10.1102495
36721,10.143147,10.131462
36731,10.161071,10.105674
36741,10.222081,10.127344
36751,10.232111,10.146848
36761,10.286017,10.209281
36771,10.289654,10.220591
36781,10.292926,10.230769
36791,10.295871,10.19505
36801,10.343401,10.252663
36811,10.341299,10.259634
36821,10.384287,10.310788
36831,10.378096,10.311947
36841,10.327644,10.26811
36851,10.371998,10.318417
36861,10.411916,10.318812
36871,10.402962,10.319169
36881,10.394903,10.3194895
36891,10.3876505,10.274899
36901,10.381124,10.324527
36911,10.420129,10.324312
36921,10.410354,10.324119
36931,10.401556,10.279064
36941,10.348759,10.283396
36951,10.391001,10.287294
36961,10.384138,10.290803
36971,10.377962,10.293961
36981,10.327524,10.251923
36991,10.327009,10.258968
37001,10.326546,10.265309
37011,10.326129,10.271016
37021,10.280874,10.276153
37031,10.240145,10.235895
37041,10.248368,10.154783
37051,10.210889,10.171543
37061,10.222037,10.186626
37071,10.232071,10.155322
37081,10.196221,10.127148
37091,10.163957,10.10179
37101,10.179799,10.078969
37111,10.238936,10.10331
37121,10.24728,10.1252165
37131,10.20991,10.100053
37141,10.176277,10.077405
37151,10.190887,10.057022
37161,10.204037,10.083558
37171,10.170991,10.06256
37181,10.14125,10.088542
37191,10.114483,10.022165
37201,10.135272,10.052187
37211,10.153982,10.079206
37221,10.125942,10.058643
37231,10.100706,10.040137
37241,10.077993,10.023481
37251,10.057552,10.0084915
37261,10.084035,10.03988
37271,10.062989,10.06813
37281,10.044048,10.048675
37291,10.027001,10.031165
37301,10.011659,10.015407
37311,10.04273,10.0461035
37321,10.070695,10.028851
37331,10.050983,10.013324
37341,10.033243,9.99935
37351,10.062157,10.031652
37361,10.088179,10.060725
37371,10.066719,10.04201
37381,10.047405,9.980288
37391,10.030023,9.969617
37401,10.059258,9.960013
37411,10.08557,9.99625
37421,10.109251,9.939103
37431,10.085684,9.8876705
37441,10.064473,9.886261
37451,10.045383,9.884993
37461,10.073083,9.928731
37471,10.098012,9.923216
37481,10.075568,9.873372
37491,10.055369,9.828513
37501,10.03719,9.833019
37511,10.065709,9.837075
37521,10.091376,9.840726
37531,10.069596,9.844011
37541,10.049994,9.802088
37551,10.032352,9.809237
37561,10.061355,9.860551
37571,10.087457,9.816974
37581,10.066069,9.822634
37591,10.04682,9.827728
37601,10.029495,9.832314
37611,10.058784,9.88132
37621,10.085143,9.880546
37631,10.063987,9.8798485
37641,10.044946,9.879222
37651,10.027809,9.878657
37661,10.057266,9.923029
37671,10.083777,9.962964
37681,10.0627575,9.954025
37691,10.043839,9.945981
37701,10.0268135,9.938741
37711,10.05637,9.977104
37721,10.082971,10.011632
37731,10.062032,9.997827
37741,9.998306,9.985402
37751,9.985833,9.974219
37761,10.019487,10.009035
37771,10.004896,10.040369
37781,9.991764,10.02369
37791,9.979945,10.008679
37801,10.014189,10.04005
37811,10.045008,10.023402
37821,10.027864,10.0533
37831,10.012436,10.035328
37841,9.9536705,10.019153
37851,9.945662,10.049475
37861,9.983334,10.076765
37871,9.972358,10.056446
37881,9.9176,10.038159
37891,9.868318,9.976821
37901,9.913724,10.011376
37911,9.909709,10.042477
37921,9.950975,10.025587
37931,9.8983555,10.010386
37941,9.895878,9.996706
37951,9.893648,10.029273
37961,9.936522,10.058583
37971,9.930227,10.040083
37981,9.924562,10.023433
37991,9.919464,9.963568
38001,9.914876,9.999449
38011,9.910747,9.986862
38021,9.95191,9.9755335
38031,9.899197,9.965338
38041,9.896635,9.9561615
38051,9.894329,9.947904
38061,9.937134,9.940471
38071,9.975658,9.933782
38081,9.96545,9.927761
38091,9.956264,9.922343
38101,9.992875,9.917467
38111,10.0258255,9.957958
38121,10.055481,9.9944
38131,10.037291,9.982318
38141,10.02092,9.971444
38151,10.051065,10.006537
38161,10.033317,10.038121
38171,10.0622225,10.021667
38181,10.043358,10.051738
38191,10.02638,10.033922
38201,10.0111,10.017888
38211,10.042228,10.048337
38221,10.070243,10.075741
38231,10.050576,10.055525
38241,10.032876,10.037331
38251,10.016946,10.065835
38261,10.047489,10.091489
38271,10.074978,10.069697
38281,10.054838,10.050085
38291,10.036713,10.032434
38301,10.020399,10.061429
38311,10.050597,10.087523
38321,10.077775,10.066129
38331,10.057355,10.046874
38341,10.038978,10.029545
38351,10.022438,10.013948
38361,10.052432,10.044791
38371,10.079427,10.02767
38381,10.058842,10.01226
38391,10.040316,9.998392
38401,10.023642,9.98591
38411,10.053515,10.064437
38421,10.0355215,10.045351
38431,10.019327,10.028173
38441,10.004752,10.012714
38451,10.036514,9.998801
38461,10.065101,10.031158
38471,10.090828,10.060281
38481,10.069103,10.041611
38491,10.049551,9.979928
38501,10.031954,10.014173
38511,10.060996,10.044993
38521,10.042254,10.072732
38531,10.025387,10.052816
38541,10.010206,10.034893
38551,9.996544,10.018762
38561,10.029127,10.049123
38571,10.013573,10.076448
38581,10.044454,10.056162
38591,10.027366,10.037904
38601,10.011987,10.021471
38611,10.043026,10.051561
38621,10.026081,10.078643
38631,10.010831,10.058136
38641,9.997106,10.0396805
38651,10.029633,10.02307
38661,10.0589075,10.053001
38671,10.040375,10.079939
38681,10.068575,10.059303
38691,10.049075,10.04073
38701,10.031526,10.024015
38711,10.060611,10.053852
38721,10.086787,10.080705
38731,10.065466,10.059992
38741,10.046277,10.04135
38751,10.029007,10.024573
38761,10.058344,10.054354
38771,10.084747,10.081156
38781,10.06363,10.060398
38791,10.044625,9.996837
38801,10.0724,9.98451
38811,10.097398,10.018297
38821,10.075016,10.003825
38831,10.0548725,9.990801
38841,10.036743,9.934198
38851,10.065307,9.883257
38861,10.091014,9.882289
38871,10.06927,9.881418
38881,10.049701,9.880634
38891,10.032088,9.835049
38901,10.061117,9.8389015
38911,10.087243,9.842369
38921,10.065877,9.800611
38931,10.046647,9.807907
38941,10.02934,9.769594
38951,10.058643,9.779993
38961,10.085017,9.789351
38971,10.063873,9.797774
38981,10.044844,9.760475
38991,10.027718,9.726906
39001,10.057183,9.741573
39011,10.083703,9.799654
39021,10.062691,9.762167
39031,10.043779,9.728428
39041,9.936999,9.698063
39051,9.885777,9.6258545
39061,9.839678,9.605747
39071,9.708428,9.49789
39081,9.590303,9.40082
39091,9.439112,9.268576
39101,9.303039,9.149556
39111,9.135693,9.0424385
39121,8.985082,8.856273
39131,8.759772,8.688724
39141,8.512114,8.44817
39151,8.289221,8.231671
39161,8.088617,8.036822
39171,7.8631945,7.861459
39181,7.6154337,7.5689917
39191,7.302689,7.3506513
39201,7.066099,7.109265
39211,6.808288,6.8471375
39221,6.576258,6.6561027
39231,6.3225513,6.3944116
39241,6.0493355,6.1140094
39251,5.758561,5.8616476
39261,5.4968643,5.634522
39271,5.2164574,5.385229
39281,4.964091,5.1159854
39291,4.736961,4.8736663
39301,4.4427843,4.655579
39311,4.222905,4.4144206
39321,4.025014,4.1973777
39331,3.802032,4.0020394
39341,3.6013484,3.7813551
39351,3.3758533,3.582739
39361,3.1729076,3.4039848
39371,2.9902565,3.198226
39381,2.8258705,3.013043
39391,2.6330433,2.8014984
39401,2.4594986,2.6559882
39411,2.2584286,2.4801493
39421,2.0774655,2.2770143
39431,1.9145988,2.1390727
39441,1.7231389,1.9700452
39451,1.5957049,1.8628005
39461,1.5258942,1.7662802
39471,1.4181846,1.6794119
39481,1.321246,1.5114707
39491,1.1891214,1.4052035
39501,1.0702091,1.309563
39511,0.96318823,1.2234867
39521,0.8668694,1.101138
39531,0.7801824,1.035904
39541,0.7021642,0.97719353
39551,0.63194776,0.9243541
39561,0.61363286,0.83191866
39571,0.5522696,0.7936067
39581,0.4970426,0.71424603
39591,0.4473383,0.68770134
39601,0.40260446,0.6189312
39611,0.362344,0.55703807
39621,0.37098947,0.50133425
39631,0.33389053,0.4512008
39641,0.30050147,0.40608072
39651,0.2704513,0.36547264
39661,0.24340618,0.32892537
39671,0.21906555,0.29603282
39681,0.19715899,0.2664295
39691,0.17744309,0.23978655
39701,0.15969877,0.21580788
39711,0.18860878,0.19422708
39721,0.2146278,0.17480437
39731,0.19316502,0.15732393
39741,0.17384851,0.14159153
39751,0.15646365,0.12743238
39761,0.14081728,0.114689134
39771,0.12673555,0.10322022
39781,0.114062,0.09289819
39791,0.10265579,0.08360837
39801,0.09239021,0.075247526
39811,0.083151184,0.067722775
39821,0.07483606,0.060950495
39831,0.06735245,0.054855444
39841,0.060617205,0.049369898
39851,0.054555483,0.04443291
39861,0.049099933,0.039989617
39871,0.044189937,0.035990655
39881,0.039770942,0.03239159
39891,0.03579385,0.029152429
39901,0.032214463,0.026237186
39911,0.028993016,0.023613466
39921,0.026093714,0.021252118
39931,0.023484342,0.019126905
39941,0.021135908,0.017214214
39951,0.019022316,0.015492792
39961,0.017120084,0.013943513
39971,0.015408075,0.012549161
39981,0.013867267,0.011294245
39991,0.01248054,0.01016482
40001,0.011232486,0.009148338
40011,0.010109237,0.008233503
40021,0.009098314,0.007410153
40031,0.008188482,0.006669137
40041,0.0073696338,0.006002223
40051,0.0066326703,0.0054020006
40061,0.0059694033,0.0048618005
40071,0.005372463,0.0043756203
40081,0.0048352163,0.003938058
40091,0.0043516946,0.0035442521
40101,0.003916525,0.0031898268
40111,0.0035248722,0.002870844
40121,0.003172385,0.0025837596
40131,0.0028551465,0.0023253835
40141,0.002569632,0.002092845
40151,0.0023126686,0.0018835604
40161,0.0020814016,0.0016952044
40171,0.0018732614,0.0015256839
40181,0.0016859352,0.0013731155
40191,0.0015173416,0.0012358039
40201,0.0013656074,0.0011122235
40211,0.0012290466,0.0010010011
40221,0.001106142,0.000900901
40231,0.0009955277,0.0008108109
40241,0.0008959749,0.00072972977
40251,0.0008063774,0.0006567568
40261,0.00072573964,0.0005910811
40271,0.0006531657,0.00053197297
40281,0.0005878491,0.00047877565
40291,0.0005290642,0.00043089807
40301,0.0004761578,0.00038780825
40311,0.000428542,0.00034902742
40321,0.0003856878,0.00031412469
40331,0.000347119,0.00028271222
40341,0.0003124071,0.000254441
40351,0.00028116637,0.00022899688
40361,0.00025304971,0.00020609719
40371,0.00022774473,0.00018548747
40381,0.00020497026,0.00016693871
40391,0.00018447323,0.00015024484
40401,0.0001660259,0.00013522035
40411,0.0001494233,0.000121698315
40421,0.00013448097,0.00010952848
40431,0.00012103287,0.000098575634
40441,0.000108929584,0.000088718065
40451,0.000098036624,0.00007984626
40461,0.00008823296,0.00007186163
40471,0.00007940966,0.00006467546
40481,0.0000714687,0.000058207916
40491,0.00006432182,0.000052387124
40501,0.00005788964,0.00004714841
40511,0.000052100673,0.000042433567
40521,0.000046890604,0.00003819021
40531,0.000042201544,0.000034371187
40541,0.00003798139,0.00003093407
40551,0.00003418325,0.00002784066
40561,0.000030764924,0.000025056594
40571,0.000027688431,0.000022550934
40581,0.000024919587,0.00002029584
40591,0.000022427628,0.000018266255
40601,0.000020184865,0.00001643963
40611,0.000018166378,0.000014795666
40621,0.00001634974,0.000013316099
40631,0.000014714767,0.000011984489
40641,0.00001324329,0.00001078604
40651,0.000011918961,0.000009707435
40661,0.000010727064,0.000008736692
40671,0.000009654358,0.000007863022
40681,0.000008688922,0.0000070767196
40691,0.00000782003,0.0000063690477
40701,0.000007038027,0.0000057321427
40711,0.000006334224,0.000005158928
40721,0.0000057008015,0.000004643035
40731,0.000005130721,0.0000041787316
40741,0.0000046176488,0.0000037608584
40751,0.0000041558837,0.0000033847725
40761,0.0000037402954,0.0000030462952
40771,0.0000033662657,0.0000027416656
40781,0.000003029639,0.000002467499
40791,0.000002726675,0.000002220749
40801,0.0000024540072,0.000001998674
40811,0.0000022086065,0.0000017988065
40821,0.0000019877457,0.0000016189258
40831,0.0000017889711,0.0000014570331
40841,0.0000016100739,0.0000013113298
40851,0.0000014490665,0.0000011801968
40861,0.0000013041598,0.0000010621771
40871,0.0000011737438,0.0000009559594
40881,0.0000010563695,0.00000086036346
40891,0.0000009507325,0.0000007743271
40901,0.0000008556592,0.00000069689435
40911,0.00000077009327,0.0000006272049
40921,0.0000006930839,0.00000056448437
40931,0.0000006237755,0.0000005080359
40941,0.00000056139794,0.0000004572323
40951,0.00000050525813,0.00000041150906
40961,0.00000045473232,0.00000037035815
40971,0.0000004092591,0.00000033332233
40981,0.00000036833316,0.0000002999901
40991,0.00000033149985,0.00000026999106
41001,0.00000029834985,0.00000024299194
41011,0.00000026851487,0.00000021869275
41021,0.00000024166337,0.00000019682346
41031,0.00000021749703,0.00000017714112
41041,0.00000019574732,0.000000159427
41051,0.00000017617258,0.0000001434843
41061,0.00000015855531,0.00000012913587
41071,0.00000014269978,0.00000011622228
41081,0.00000012842979,0.00000010460005
41091,0.00000011558681,0.00000009414004
41101,0.000000104028125,0.00000008472603
41111,0.00000009362531,0.00000007625343
41121,0.00000008426278,0.00000006862808
41131,0.0000000758365,0.00000006176527
41141,0.00000006825285,0.000000055588742
41151,0.00000006142756,0.00000005002987
41161,0.000000055284804,0.00000004502688
41171,0.000000049756324,0.000000040524192
41181,0.00000004478069,0.00000003647177
41191,0.00000004030262,0.000000032824595
41201,0.000000036272358,0.000000029542134
41211,0.000000032645122,0.00000002658792
41221,0.00000002938061,0.000000023929127
41231,0.000000026442548,0.000000021536215
41241,0.000000023798293,0.000000019382593
41251,0.000000021418463,0.000000017444334
41261,0.000000019276616,0.0000000156999
41271,0.000000017348954,0.00000001412991
41281,0.000000015614058,0.000000012716918
41291,0.0000000140526515,0.000000011445226
41301,0.000000012647386,0.000000010300703
41311,0.000000011382648,0.000000009270633
41321,0.000000010244382,0.000000008343569
41331,0.000000009219944,0.000000007509212
41341,0.000000008297949,0.0000000067582904
41351,0.000000007468154,0.000000006082461
41361,0.0000000067213386,0.000000005474215
41371,0.0000000060492047,0.000000004926793
41381,0.000000005444284,0.000000004434114
41391,0.0000000048998556,0.0000000039907024
41401,0.00000000440987,0.000000003591632
41411,0.0000000039688826,0.0000000032324687
41421,0.0000000035719943,0.0000000029092218
41431,0.0000000032147947,0.0000000026182996
41441,0.0000000028933151,0.0000000023564695
41451,0.0000000026039835,0.0000000021208224
41461,0.000000002343585,0.00000000190874
41471,0.0000000021092266,0.000000001717866
41481,0.000000001898304,0.0000000015460794
41491,0.0000000017084735,0.0000000013914714
41501,0.0000000015376261,0.0000000012523242
41511,0.0000000013838635,0.0000000011270918
41521,0.000000001245477,0.0000000010143826
41531,0.0000000011209293,0.0000000009129443
41541,0.0000000010088363,0.0000000008216498
41551,0.0000000009079527,0.0000000007394848
41561,0.0000000008171574,0.0000000006655363
41571,0.00000000073544165,0.00000000059898264
41581,0.0000000006618975,0.0000000005390844
41591,0.0000000005957077,0.00000000048517595
41601,0.0000000005361369,0.00000000043665835
41611,0.0000000004825232,0.0000000003929925
41621,0.00000000043427087,0.00000000035369324
41631,0.00000000039084377,0.0000000003183239
41641,0.0000000003517594,0.0000000002864915
41651,0.00000000031658345,0.00000000025784233
41661,0.0000000002849251,0.0000000002320581
41671,0.0000000002564326,0.00000000020885228
41681,0.00000000023078933,0.00000000018796704
41691,0.00000000020771039,0.00000000016917033
41701,0.00000000018693935,0.0000000001522533
41711,0.00000000016824542,0.00000000013702796
41721,0.00000000015142088,0.00000000012332516
41731,0.00000000013627878,0.00000000011099264
41741,0.0000000001226509,0.00000000009989337
41751,0.00000000011038581,0.00000000008990403
41761,0.000000000099347225,0.00000000008091362
41771,0.0000000000894125,0.00000000007282226
41781,0.00000000008047125,0.00000000006554003
41791,0.00000000007242412,0.000000000058986024
41801,0.00000000006518171,0.00000000005308742
41811,0.00000000005866353,0.000000000047778677
41821,0.000000000052797176,0.000000000043000808
41831,0.00000000004751746,0.000000000038700727
41841,0.00000000004276571,0.000000000034830652
41851,0.00000000003848914,0.000000000031347588
41861,0.000000000034640225,0.000000000028212828
41871,0.0000000000311762,0.000000000025391545
41881,0.00000000002805858,0.00000000002285239
41891,0.000000000025252722,0.00000000002056715
41901,0.000000000022727448,0.000000000018510435
41911,0.000000000020454702,0.000000000016659391
41921,0.00000000001840923,0.000000000014993451
41931,0.000000000016568307,0.000000000013494105
41941,0.000000000014911477,0.000000000012144694
41951,0.000000000013420328,0.000000000010930225
41961,0.000000000012078295,0.000000000009837202
41971,0.000000000010870465,0.000000000008853482
41981,0.000000000009783418,0.000000000007968134
41991,0.000000000008805076,0.0000000000071713204
42001,0.000000000007924568,0.0000000000064541883
42011,0.0000000000071321113,0.0000000000058087693
42021,-0.044879895,-0.044879895
42031,-0.040391903,-0.040391903
42041,-0.036352713,-0.08123261
42051,-0.077597335,-0.11798924
42061,-0.1147175,-0.1959501
42071,-0.19300553,-0.2661149
42081,-0.30834466,-0.32926318
42091,-0.41214988,-0.43097654
42101,-0.5055746,-0.5225186
42111,-0.6345367,-0.69466615
42121,-0.79548246,-0.84959894
42131,-0.94033366,-0.98903847
42141,-1.1155797,-1.1594139
42151,-1.2733011,-1.3576318
42161,-1.5050101,-1.5809078
42171,-1.7584282,-1.8267361
42181,-1.9416245,-2.0479815
42191,-2.196261,-2.2471023
42201,-2.4254336,-2.471191
42211,-2.721449,-2.7626305
42221,-2.9429827,-3.0249262
42231,-3.232123,-3.2609923
42241,-3.4474692,-3.4734516
42251,-3.7310407,-3.7544248
42261,-3.9862552,-4.052181
42271,-4.260828,-4.320161
42281,-4.5079436,-4.561343
42291,-4.730347,-4.778407
42301,-4.9753904,-5.0635242
42311,-5.2408094,-5.32013
42321,-5.4796863,-5.551075
42331,-5.6946754,-5.7589254
42341,-5.888166,-5.945991
42351,-6.152067,-6.2041097
42361,-6.3895783,-6.3915367
42371,-6.5584583,-6.6051006
42381,-6.75533,-6.7973084
42391,-6.9325147,-6.9702954
42401,-7.136861,-7.1708636
42411,-7.320772,-7.351375
42421,-7.5311723,-7.5138354
42431,-7.6756525,-7.6600494
42441,-7.805685,-7.836522
42451,-7.967594,-7.9953475
42461,-8.158193,-8.18317
42471,-8.284851,-8.307331
42481,-8.398844,-8.419076
42491,-8.501437,-8.564526
42501,-8.683531,-8.695431
42511,-8.802535,-8.813246
42521,-8.999399,-8.964159
42531,-9.086817,-9.0102215
42541,-9.120613,-9.096558
42551,-9.240789,-9.21914
42561,-9.393828,-9.329464
42571,-9.486683,-9.383876
42581,-9.5253725,-9.432846
42591,-9.605073,-9.521799
42601,-9.676804,-9.601857
42611,-9.786241,-9.673909
42621,-9.839854,-9.693876
42631,-9.888106,-9.756726
42641,-9.931534,-9.768412
42651,-9.970618,-9.868689
42661,-10.050674,-9.958938
42671,-10.077845,-9.995281
42681,-10.057418,-10.027991
42691,-10.083914,-10.01255
42701,-10.10776,-10.043533
42711,-10.174102,-10.116298
42721,-10.233809,-10.136906
42731,-10.242666,-10.155453
42741,-10.205757,-10.172145
42751,-10.2623,-10.187168
42761,-10.268308,-10.200689
42771,-10.318595,-10.212858
42781,-10.274094,-10.22381
42791,-10.278922,-10.233667
42801,-10.283268,-10.242538
42811,-10.332059,-10.295403
42821,-10.331091,-10.2981
42831,-10.330219,-10.300529
42841,-10.284555,-10.2578335
42851,-10.333218,-10.309168
42861,-10.332133,-10.310489
42871,-10.331158,-10.356558
42881,-10.330279,-10.30826
42891,-10.329489,-10.309671
42901,-10.328777,-10.310942
42911,-10.328137,-10.312085
42921,-10.327561,-10.313114
42931,-10.327043,-10.31404
42941,-10.281696,-10.314874
42951,-10.285765,-10.315624
42961,-10.289426,-10.361179
42971,-10.292721,-10.357299
42981,-10.250807,-10.308927
42991,-10.213084,-10.310271
43001,-10.224013,-10.311481
43011,-10.278729,-10.357451
43021,-10.2382145,-10.353944
43031,-10.246631,-10.305907
43041,-10.209326,-10.307554
43051,-10.220631,-10.309036
43061,-10.275685,-10.31037
43071,-10.235475,-10.311571
43081,-10.199285,-10.267772
43091,-10.166714,-10.228353
43101,-10.182281,-10.282635
43111,-10.19629,-10.286609
43121,-10.164019,-10.290186
43131,-10.1349745,-10.248526
43141,-10.063955,-10.211031
43151,-10.089798,-10.222166
43161,-10.068176,-10.232187
43171,-10.093596,-10.241206
43181,-10.071594,-10.204443
43191,-10.051793,-10.171356
43201,-10.033972,-10.141579
43211,-10.062813,-10.159658
43221,-10.088769,-10.13105
43231,-10.06725,-10.105303
43241,-10.047883,-10.08213
43251,-10.075333,-10.106155
43261,-10.100038,-10.082898
43271,-10.077392,-10.061966
43281,-10.057011,-10.088007
43291,-10.038668,-10.066565
43301,-10.067039,-10.047266
43311,-10.047692,-10.074778
43321,-10.075161,-10.099538
43331,-10.055003,-10.0769415
43341,-10.03686,-10.056605
43351,-10.0654125,-10.083182
43361,-10.091109,-10.107101
43371,-10.069356,-10.083749
43381,-10.049778,-10.107612
43391,-10.032158,-10.039329
43401,-10.06118,-10.067634
43411,-10.0873,-10.048228
43421,-10.065928,-10.075644
43431,-10.046694,-10.055437
43441,-10.029383,-10.037251
43451,-10.058682,-10.065764
43461,-10.085052,-10.091426
43471,-10.063904,-10.069641
43481,-10.044871,-10.0500345
43491,-10.027742,-10.032389
43501,-10.057206,-10.061388
43511,-10.083723,-10.087487
43521,-10.062709,-10.066096
43531,-10.043796,-10.0468445
43541,-10.026773,-10.029518
43551,-10.056334,-10.013925
43561,-10.082938,-10.04477
43571,-10.062002,-10.072531
43581,-10.0431595,-10.052635
43591,-10.026201,-10.03473
43601,-10.010939,-10.018615
43611,-10.042083,-10.048991
43621,-10.025232,-10.07633
43631,-10.010067,-10.056055
43641,-9.996418,-10.037807
43651,-10.029014,-10.021384
43661,-10.05835,-10.051483
43671,-10.039872,-10.033692
43681,-10.068123,-10.017681
43691,-10.048669,-10.003271
43701,-10.031159,-10.035182
43711,-10.060281,-10.019022
43721,-10.086491,-10.049357
43731,-10.0652,-10.031779
43741,-10.001158,-10.015959
43751,-10.033279,-10.00172
43761,-10.062189,-10.033786
43771,-10.043328,-10.017765
43781,-10.026353,-10.003346
43791,-10.011075,-10.03525
43801,-10.042205,-10.019083
43811,-10.070222,-10.049413
43821,-10.050557,-10.031829
43831,-10.032859,-10.016004
43841,-10.016931,-10.001761
43851,-10.047475,-10.033823
43861,-10.0749655,-10.017798
43871,-10.054827,-10.048256
43881,-10.036702,-9.9859085
43891,-10.02039,-9.974675
43901,-10.005709,-9.964565
43911,-10.037375,-10.000346
43921,-10.065876,-9.987669
43931,-10.046646,-9.93138
43941,-10.02934,-9.88072
43951,-10.013763,-9.924886
43961,-10.089505,-9.964635
43971,-10.067912,-9.955529
43981,-10.048479,-9.947334
43991,-10.030989,-9.939959
44001,-10.015247,-9.933321
44011,-10.04596,-9.972227
44021,-10.073602,-10.007242
44031,-10.053599,-9.9938755
44041,-10.035597,-9.981846
44051,-10.019395,-9.971019
44061,-10.049693,-10.006155
44071,-10.0769615,-9.992897
44081,-10.056623,-9.980966
44091,-10.038319,-9.925347
44101,-10.021845,-9.965051
44111,-10.051898,-9.955903
44121,-10.078946,-9.947671
44131,-10.05841,-9.940262
44141,-10.039927,-9.888714
44151,-10.023292,-9.93208
44161,-10.0532,-9.92623
44171,-10.080117,-9.965845
44181,-10.0594635,-9.956618
44191,-10.040875,-9.948315
44201,-10.024146,-9.985721
44211,-10.053969,-10.019386
44221,-10.080811,-10.0496855
44231,-10.060087,-10.032075
44241,-10.041436,-10.016225
44251,-10.024651,-10.04684
44261,-10.054423,-10.074393
44271,-10.081219,-10.054312
44281,-10.060454,-10.081119
44291,-10.041767,-10.060365
44301,-10.024948,-10.041686
44311,-10.054691,-10.069756
44321,-10.08146,-10.0501375
44331,-10.015792,-10.032481
44341,-10.001571,-9.971711
44351,-9.988771,-10.006778
44361,-10.022132,-9.993458
44371,-10.007277,-10.02635
44381,-9.993907,-10.011073
44391,-9.936995,-9.997324
44401,-9.930653,-10.029829
44411,-9.924945,-10.014204
44421,-9.919808,-10.045021
44431,-9.915185,-10.027877
44441,-9.911024,-10.012447
44451,-9.90728,-9.998561
44461,-9.90391,-10.030943
44471,-9.900877,-10.060086
44481,-9.853268,-10.041435
44491,-9.855299,-10.02465
44501,-9.857127,-10.054422
44511,-9.858772,-10.081218
44521,-9.860253,-10.060453
44531,-9.861586,-10.041766
44541,-9.862785,-10.024947
44551,-9.863865,-10.00981
44561,-9.909717,-10.041067
44571,-9.906103,-10.069199
44581,-9.902851,-10.049637
44591,-9.855044,-10.032031
44601,-9.856897,-10.061066
44611,-9.858565,-10.087197
44621,-9.904946,-10.065835
44631,-9.90181,-10.046609
44641,-9.854107,-10.029305
44651,-9.856054,-10.013733
44661,-9.902687,-10.044598
44671,-9.899776,-10.072375
44681,-9.897157,-10.052496
44691,-9.894799,-10.034604
44701,-9.892677,-10.063381
44711,-9.935647,-10.044401
44721,-9.97432,-10.072199
44731,-9.964246,-10.052337
44741,-9.910299,-10.034461
44751,-9.951508,-10.063252
44761,-9.943715,-10.089165
44771,-9.936702,-10.067606
44781,-9.930389,-10.048203
44791,-9.879828,-10.030741
44801,-9.924084,-10.059904
44811,-9.919033,-10.086151
44821,-9.959368,-10.064894
44831,-9.9507885,-10.045762
44841,-9.943068,-10.028543
44851,-9.936119,-10.057927
44861,-9.974745,-10.0843725
44871,-10.009508,-10.063293
44881,-9.995915,-10.044322
44891,-9.983682,-10.027247
44901,-9.9726715,-10.056761
44911,-10.007642,-10.083323
44921,-10.039115,-10.062348
44931,-10.022561,-10.043471
44941,-10.007663,-10.026482
44951,-10.039134,-10.056071
44961,-10.067458,-10.082702
44971,-10.04807,-10.0617895
44981,-10.030621,-10.042969
44991,-10.014916,-10.02603
45001,-10.045663,-10.055664
45011,-10.073335,-10.082335
45021,-10.053359,-10.06146
45031,-10.035381,-10.042671
45041,-9.929441,-9.936002
45051,-9.878975,-9.884879
45061,-9.833555,-9.838869
45071,-9.747798,-9.707701
45081,-9.625736,-9.589649
45091,-9.471001,-9.438522
45101,-9.331738,-9.257628
45111,-9.206403,-9.094824
45121,-9.00384,-8.948299
45131,-8.821535,-8.726668
45141,-8.5677,-8.48232
45151,-8.339249,-8.307286
45161,-8.133642,-8.059996
45171,-7.9037166,-7.837435
45181,-7.6967835,-7.59225
45191,-7.420784,-7.3267035
45201,-7.1723843,-7.0877123
45211,-6.948825,-6.87262
45221,-6.702741,-6.634157
45231,-6.436386,-6.3746605
45241,-6.1966667,-6.0962334
45251,-5.936039,-5.8456492
45261,-5.701474,-5.6201234
45271,-5.445486,-5.41715
45281,-5.215097,-5.1895943
45291,-4.962867,-4.939914
45301,-4.7358594,-4.7152023
45311,-4.486673,-4.5129614
45321,-4.262405,-4.2860646
45331,-4.0605636,-4.0818577
45341,-3.8340268,-3.8531914
45351,-3.5852637,-3.6473918
45361,-3.406257,-3.4621723
45371,-3.200271,-3.2057147
45381,-3.0148835,-3.0197828
45391,-2.803155,-2.8524442
45401,-2.6125991,-2.6120796
45411,-2.441099,-2.4406314
45421,-2.286749,-2.331208
45431,-2.102954,-2.142967
45441,-1.8926585,-1.9735502
45451,-1.7033926,-1.8210751
45461,-1.4881734,-1.6389675
45471,-1.339356,-1.5199506
45481,-1.2054204,-1.3679556
45491,-1.0848783,-1.2311599
45501,-0.9763905,-1.1080439
45511,-0.8787514,-0.9972395
45521,-0.7908762,-0.8975155
45531,-0.7117886,-0.80776393
45541,-0.64060974,-0.72698754
45551,-0.57654876,-0.65428877
45561,-0.51889384,-0.58885986
45571,-0.46700445,-0.52997386
45581,-0.420304,-0.47697645
45591,-0.37827358,-0.4292788
45601,-0.3404462,-0.43123078
45611,-0.30640158,-0.43298757
45621,-0.27576143,-0.3896888
45631,-0.24818528,-0.3507199
45641,-0.22336674,-0.3156479
45651,-0.20103006,-0.2840831
45661,-0.18092705,-0.25567478
45671,-0.16283435,-0.23010729
45681,-0.14655091,-0.20709656
45691,-0.13189581,-0.1863869
45701,-0.11870623,-0.1677482
45711,-0.1068356,-0.15097338
45721,-0.09615204,-0.13587604
45731,-0.08653683,-0.122288436
45741,-0.07788315,-0.11005959
45751,-0.07009483,-0.09905363
45761,-0.06308535,-0.08914826
45771,-0.05677681,-0.08023343
45781,-0.05109913,-0.07221009
45791,-0.045989215,-0.064989075
45801,-0.041390292,-0.058490165
45811,-0.037251264,-0.052641146
45821,-0.033526137,-0.04737703
45831,-0.030173523,-0.042639326
45841,-0.02715617,-0.038375393
45851,-0.024440553,-0.03453785
45861,-0.021996496,-0.031084066
45871,-0.019796846,-0.02797566
45881,-0.017817162,-0.025178093
45891,-0.016035445,-0.022660283
45901,-0.0144319,-0.020394254
45911,-0.01298871,-0.01835483
45921,-0.011689839,-0.016519345
45931,-0.010520855,-0.01486741
45941,-0.00946877,-0.013380669
45951,-0.008521892,-0.012042602
45961,-0.0076697026,-0.010838341
45971,-0.0069027324,-0.009754507
45981,-0.006212459,-0.008779056
45991,-0.005591213,-0.007901151
46001,-0.0050320914,-0.0071110353
46011,-0.004528882,-0.0063999314
46021,-0.004075994,-0.005759938
