33930,-0.01928322,-0.018511062
33940,-0.017354898,-0.016659956
33950,-0.015619408,-0.01499396
33960,-0.014057467,-0.013494563
33970,-0.01265172,-0.012145107
33980,-0.011386548,-0.010930596
33990,-0.010247893,-0.009837536
34000,-0.0092231035,-0.008853782
34010,-0.008300793,-0.007968403
34020,-0.007470714,-0.007171563
34030,-0.0067236423,-0.0064544063
34040,-0.0060512777,-0.0058089653
34050,-0.00544615,-0.0052280687
34060,-0.004901535,-0.004705262
34070,-0.004411381,-0.0042347354
34080,-0.003970243,-0.0038112618
34090,-0.0035732186,-0.0034301355
34100,-0.0032158967,-0.003087122
34110,-0.002894307,-0.0027784097
34120,-0.0026048762,-0.0025005687
34130,-0.0023443885,-0.002250512
34140,-0.0021099497,-0.0020254606
34150,-0.0018989547,-0.0018229145
34160,-0.0017090592,-0.001640623
34170,-0.0015381533,-0.0014765606
34180,-0.0013843379,-0.0013289045
34190,-0.0012459041,-0.001196014
34200,-0.0011213137,-0.0010764126
34210,-0.0010091823,-0.00096877135
34220,-0.0009082641,-0.0008718942
34230,-0.00081743766,-0.00078470475
34240,-0.00073569384,-0.00070623425
34250,-0.0006621244,-0.00063561084
34260,-0.000595912,-0.00057204976
34270,-0.0005363208,-0.0005148448
34280,-0.0004826887,-0.00046336028
34290,-0.0004344198,-0.00041702425
34300,-0.00039097783,-0.0003753218
34310,-0.00035188004,-0.00033778962
34320,-0.00031669202,-0.00030401064
34330,-0.0002850228,-0.00027360956
34340,-0.00025652052,-0.0002462486
34350,-0.00023086846,-0.00022162372
34360,-0.00020778162,-0.00019946134
34370,-0.00018700345,-0.0001795152
34380,-0.0001683031,-0.00016156369
34390,-0.00015147279,-0.00014540732
34400,-0.00013632551,-0.00013086658
34410,-0.00012269296,-0.00011777992
34420,-0.00011042366,-0.00010600193
34430,-0.00009938129,-0.00009540173
34440,-0.00008944316,-0.00008586155
34450,-0.00008049884,-0.0000772754
34460,-0.00007244895,-0.00006954786
34470,-0.000065204054,-0.00006259307
34480,-0.000058683647,-0.00005633376
34490,-0.00005281528,-0.000050700382
34500,-0.00004753375,-0.000045630342
34510,-0.000042780375,-0.000041067306
34520,-0.000038502338,-0.000036960573
34530,-0.000034652105,-0.000033264514
34540,-0.000031186893,-0.000029938063
34550,-0.000028068203,-0.000026944255
34560,-0.000025261383,-0.00002424983
34570,-0.000022735243,-0.000021824846
34580,-0.000020461719,-0.00001964236
34590,-0.000018415547,-0.000017678125
34600,-0.000016573991,-0.000015910313
34610,-0.000014916592,-0.000014319281
34620,-0.000013424932,-0.000012887353
34630,-0.000012082439,-0.000011598617
34640,-0.000010874194,-0.0000104387545
34650,-0.000009786774,-0.000009394879
34660,-0.000008808097,-0.000008455391
34670,-0.000007927287,-0.0000076098518
34680,-0.000007134558,-0.0000068488666
34690,-0.000006421102,-0.00000616398
34700,-0.0000057789916,-0.0000055475816
34710,-0.0000052010923,-0.0000049928235
34720,-0.000004680983,-0.000004493541
34730,-0.0000042128845,-0.000004044187
34740,-0.0000037915959,-0.000003639768
34750,-0.0000034124362,-0.0000032757912
34760,-0.0000030711924,-0.0000029482119
34770,-0.000002764073,-0.0000026533905
34780,-0.0000024876658,-0.0000023880514
34790,-0.0000022388992,-0.0000021492463
34800,-0.0000020150092,-0.0000019343215
34810,-0.0000018135082,-0.0000017408893
34820,-0.0000016321574,-0.0000015668003
34830,-0.0000014689416,-0.0000014101203
34840,-0.0000013220474,-0.0000012691082
34850,-0.0000011898427,-0.0000011421973
34860,-0.0000010708584,-0.0000010279775
34870,-0.0000009637725,-0.00000092517973
34880,-0.0000008673953,-0.0000008326617
34890,-0.00000078065574,-0.00000074939555
34900,-0.00000070259017,-0.000000674456
34910,-0.00000063233114,-0.00000060701035
34920,-0.000000569098,-0.0000005463093
34930,-0.0000005121882,-0.00000049167835
34940,-0.00000046096937,-0.0000004425105
34950,-0.00000041487243,-0.00000039825943
34960,-0.00000037338518,-0.00000035843348
34970,-0.00000033604664,-0.00000032259013
34980,-0.00000030244198,-0.00000029033112
34991,-0.00000027219778,-0.000000261298
35000,-0.000000244978,-0.00000023516819
35010,-0.00000022048019,-0.00000021165137
35020,-0.00000019843216,-0.00000019048623
35030,-0.00000017858893,-0.0000001714376
35040,-0.00000016073004,-0.00000015429384
35050,-0.00000014465704,-0.00000013886445
35060,-0.00000013019132,-0.000000124978
35070,-0.00000011717219,-0.0000001124802
35080,-0.00000010545497,-0.00000010123218
35090,-0.000000094909474,-0.00000009110896
35100,-0.00000008541853,-0.00000008199806
35110,-0.000000076876674,-0.000000073798255
35120,-0.00000006918901,-0.00000006641843
35130,-0.000000062270104,-0.00000005977658
35140,-0.000000056043092,-0.00000005379892
35150,-0.000000050438782,-0.00000004841903
35160,-0.000000045394902,-0.000000043577124
35170,-0.00000004085541,-0.00000003921941
35180,-0.00000003676987,-0.000000035297468
35190,-0.00000003309288,-0.00000003176772
35200,-0.000000029783592,-0.000000028590946
35210,-0.000000026805232,-0.00000002573185
35220,-0.000000024124708,-0.000000023158664
35230,-0.000000021712236,-0.000000020842798
35240,-0.000000019541012,-0.000000018758518
35250,-0.000000017586911,-0.000000016882666
35260,-0.00000001582822,-0.000000015194399
35270,-0.000000014245398,-0.000000013674958
35280,-0.000000012820857,-0.000000012307462
35290,-0.000000011538771,-0.0000000110767155
35300,-0.000000010384894,-0.000000009969043
35310,-0.0000000093464045,-0.000000008972139
35320,-0.000000008411764,-0.000000008074925
35330,-0.000000007570587,-0.000000007267432
35340,-0.000000006813528,-0.0000000065406884
35350,-0.000000006132175,-0.0000000058866196
35360,-0.0000000055189577,-0.0000000052979576
35370,-0.000000004967062,-0.000000004768162
35380,-0.0000000044703556,-0.0000000042913455
35390,-0.00000000402332,-0.000000003862211
35400,-0.0000000036209877,-0.0000000034759897
35410,-0.000000003258889,-0.0000000031283907
35420,-0.000000002933,-0.0000000028155516
35430,-0.0000000026397,-0.0000000025339963
35440,-0.00000000237573,-0.0000000022805966
35450,-0.000000002138157,-0.0000000020525368
35460,-0.0000000019243411,-0.0000000018472831
35470,-0.000000001731907,-0.0000000016625548
35480,-0.0000000015587163,-0.0000000014962992
35490,-0.0000000014028446,-0.0000000013466692
35500,-0.0000000012625602,-0.0000000012120023
35510,-0.0000000011363042,-0.000000001090802
35520,-0.0000000010226737,-0.0000000009817218
35530,-0.0000000009204063,-0.0000000008835496
35540,-0.00000000082836565,-0.00000000079519463
35550,-0.0000000007455291,-0.00000000071567513
35560,-0.00000000067097616,-0.0000000006441076
35570,-0.00000000060387856,-0.00000000057969685
35580,-0.0000000005434907,-0.00000000052172716
35590,-0.0000000004891416,-0.00000000046955445
35600,-0.00000000044022744,-0.00000000042259898
35610,-0.00000000039620468,-0.00000000038033907
35620,-0.0000000003565842,-0.00000000034230516
35630,-0.00000000032092579,-0.00000000030807462
35640,-0.0000000002888332,-0.00000000027726715
35650,-0.00000000025994987,-0.00000000024954044
35660,-0.00000000023395488,-0.00000000022458639
35670,-0.00000000021055939,-0.00000000020212775
35680,-0.00000000018950344,-0.00000000018191497
35690,-0.00000000017055309,-0.00000000016372347
35700,-0.00000000015349777,-0.00000000014735112
35711,-0.00000000013814799,-0.000000000132616
35720,-0.0000000001243332,-0.0000000001193544
35730,-0.00000000011189987,-0.000000000107418956
35740,-0.000000000100709885,-0.000000000096677055
35750,-0.00000000009063889,-0.000000000087009344
35760,-0.000000000081575004,-0.00000000007830841
35770,-0.0000000000734175,-0.00000000007047757
35780,-0.00000000006607575,-0.00000000006342981
35790,-0.00000000005946817,-0.00000000005708683
35800,-0.000000000053521354,-0.000000000051378145
35810,-0.00000000004816922,-0.000000000046240328
35820,-0.000000000043352294,-0.000000000041616294
35830,-0.000000000039017064,-0.000000000037454664
35840,-0.000000000035115355,-0.0000000000337092
35850,-0.00000000003160382,-0.000000000030338277
35860,-0.000000000028443437,-0.000000000027304449
35870,-0.000000000025599092,-0.000000000024574003
35880,-0.000000000023039182,-0.000000000022116602
35890,-0.000000000020735262,-0.00000000001990494
35900,-0.000000000018661735,-0.000000000017914446
35910,-0.000000000016795561,-0.044879895
35920,-0.000000000015116006,-0.040391903
35930,-0.000000000013604405,-0.08123261
35940,-0.0000000000122439645,-0.11798924
35950,-0.000000000011019568,-0.10619032
35960,-0.000000000009917611,-0.14045118
35970,-0.00000000000892585,-0.17128596
35980,-0.000000000008033264,-0.15415736
35990,-0.0000000000072299376,-0.13874161
36000,-0.000000000006506944,-0.12486745
36010,-0.0000000000058562495,-0.1123807
36020,0.044879895,-0.056262728
36030,0.13015169,0.039123338
36040,0.2068963,0.12497079
36050,0.32084635,0.24711339
36060,0.4682813,0.40192163
36070,0.69073254,0.5861289
36080,0.8460587,0.75191545
36090,1.0307323,0.94600326
36100,1.2418183,1.1655623
36110,1.4766756,1.4080452
36120,1.7329271,1.6711597
36130,1.9635534,1.9528426
36140,2.215997,2.1614773
36150,2.4431963,2.4390085
36160,2.6925554,2.6887863
36170,2.9618585,2.9584663
36180,3.2042313,3.2011783
36190,3.4223669,3.464499
36200,3.6635687,3.7014875
36210,3.9255304,3.9596572
36220,4.161296,4.19201
36230,4.4183645,4.4011273
36240,4.6048465,4.634213
36250,4.8624396,4.84399
36260,5.0942736,5.1225486
36270,5.302924,5.3283715
36280,5.49071,5.5136123
36290,5.7045965,5.680329
36300,5.8970947,5.9201336
36310,6.115223,6.135958
36320,6.311538,6.3302
36330,6.488222,6.5050178
36340,6.602358,6.662354
36350,6.79484,6.8488364
36360,6.9680734,7.0166707
36370,7.168864,7.1677213
36380,7.259815,7.348547
36390,7.3865514,7.46641
36400,7.545494,7.6622467
36410,7.6885424,7.7936196
36420,7.8172855,7.911855
36430,7.9331546,8.018268
36441,8.037437,8.114038
36450,8.176171,8.245112
36460,8.301032,8.363079
36470,8.413406,8.469249
36480,8.469664,8.564801
36490,8.565175,8.650799
36500,8.651135,8.728197
36510,8.773379,8.842735
36520,8.838519,8.90094
36530,8.942025,8.953324
36540,8.9903,9.00047
36550,9.078628,9.087781
36560,9.203003,9.166361
36570,9.270061,9.2370825
36580,9.285532,9.255852
36590,9.3443365,9.272744
36600,9.397261,9.332828
36610,9.444893,9.431783
36620,9.4877615,9.475963
36630,9.526343,9.515724
36640,9.561067,9.55151
36650,9.592318,9.583716
36660,9.665323,9.612702
36670,9.731029,9.68367
36680,9.745283,9.702661
36690,9.758113,9.674872
36700,9.769659,9.739623
36710,9.824931,9.753018
36720,9.874676,9.765075
36730,9.874566,9.775925
36740,9.874467,9.74081
36750,9.919258,9.798967
36760,9.95957,9.851309
36770,9.995851,9.853536
36780,9.9836235,9.85554
36790,9.972619,9.857344
36800,10.007595,9.903847
36810,10.039073,9.9457
36820,10.022524,9.938488
36831,10.052509,9.976877
36840,10.034616,9.966547
36850,10.018513,9.957251
36860,10.0489,10.038643
36870,10.076247,10.022137
36880,10.055981,10.007281
36891,10.037741,9.993911
36900,10.021324,10.026757
36910,10.05143,10.011439
36920,10.033645,9.997653
36930,10.062518,9.985246
36940,10.043624,9.974079
36950,10.026619,10.008909
36960,10.056195,10.0402565
36970,10.082813,10.023589
36980,10.06189,10.008588
36990,10.043058,10.039967
37000,10.026111,10.023328
37010,10.0557375,10.098113
37020,10.037521,10.07566
37030,10.021127,10.055451
37040,10.0063715,10.037264
37050,10.037972,10.065775
37060,10.021533,10.0465555
37070,10.051618,10.074138
37080,10.033813,10.054082
37090,10.01779,10.036032
37100,10.003368,10.019787
37110,10.03527,10.050046
37120,10.0191,10.077279
37130,10.004548,10.056909
37140,10.036331,10.038575
37150,10.020056,10.022076
37160,10.050288,10.052106
37170,10.032618,10.079133
37180,10.061594,10.058578
37190,10.042792,10.040077
37200,10.025871,10.023427
37210,10.055522,10.053322
37220,10.082208,10.080228
37230,10.061345,10.059563
37240,10.042568,10.040964
37250,10.025669,10.024225
37260,10.05534,10.054041
37270,10.082044,10.080874
37280,10.061197,10.060144
37290,10.042436,10.041488
37300,10.02555,10.024696
37310,10.055233,10.054464
37320,10.081947,10.081256
37330,10.0611105,10.060488
37340,10.042357,10.041797
37350,10.070359,10.069855
37360,10.050681,10.050227
37370,10.07785,10.077442
37380,10.057424,10.057055
37390,9.994159,10.038708
37400,10.02698,10.022195
37410,10.05652,10.052213
37420,10.038226,10.079229
37430,10.021761,10.058664
37440,10.006943,10.040155
37450,10.0384865,10.023498
37460,10.066875,10.053386
37470,10.047545,10.080285
37480,10.0301485,10.059614
37490,10.014491,10.041011
37500,10.0004,10.024267
37510,10.032598,10.054078
37520,10.016696,10.036028
37530,10.002384,10.019783
37540,9.989504,10.005162
37550,9.977911,10.036883
37560,9.967478,10.065433
37570,9.958088,10.0462475
37580,9.949637,10.02898
37590,9.897152,10.01344
37600,9.894794,9.999454
37610,9.937552,10.031746
37620,9.976035,10.060809
37630,9.96579,10.042086
37640,9.956569,10.025235
37650,9.94827,10.01007
37660,10.0305605,10.041301
37670,10.014862,10.069408
37680,10.000733,10.049826
37690,9.988018,10.032201
37700,10.021454,10.016338
37710,10.051546,10.046943
37720,10.03375,10.029606
37730,10.062613,10.014003
37740,10.043709,9.99996
37750,10.026696,9.987322
37760,10.056264,10.020827
37770,10.082875,10.006103
37780,10.061946,9.99285
37790,10.043109,9.936043
37800,10.071035,9.974676
37810,10.05129,9.964566
37820,10.078399,9.955467
37830,10.057917,9.902398
37840,10.039483,9.899516
37850,10.067773,9.896922
37860,10.093233,9.8945875
37870,10.071268,9.892487
37880,10.051499,9.890595
37890,10.033708,9.844014
37900,10.062574,9.846971
37910,10.043674,9.849631
37920,10.071545,9.852026
37930,10.051748,9.854181
37940,10.033932,9.811241
37950,10.017897,9.817475
37960,10.048345,9.867966
37970,10.030868,9.868527
37980,10.015139,9.869033
37990,10.000982,9.869488
38000,10.033122,9.869897
38010,10.062048,9.870265
38020,10.043201,9.915476
38030,10.071119,9.866406
38040,10.051365,9.867124
38050,10.0335865,9.867769
38060,10.062466,9.91323
38070,10.088457,9.909265
38080,10.022089,9.905696
38090,10.007238,9.902484
38100,9.993873,9.899593
38110,10.026723,9.941872
38120,10.056289,9.979922
38130,10.038017,9.969288
38140,9.976693,9.959717
38150,9.966382,9.951103
38160,10.001982,9.988231
38170,9.989141,9.976766
38180,9.977585,9.966447
38190,9.922304,9.95716
38200,9.917432,9.948802
38210,9.913047,9.941279
38220,9.9091,9.934509
38230,9.905547,9.928416
38240,9.90235,9.922933
38250,9.899473,9.962877
38260,9.941764,9.953947
38270,9.934945,9.99079
38280,9.883928,9.979069
38290,9.882894,9.96852
38300,9.881962,10.003906
38310,9.926003,10.035753
38320,9.920761,10.019536
38330,9.916043,10.04982
38340,9.866917,10.032196
38350,9.912463,10.016335
38360,9.908575,10.046939
38370,9.905075,10.074483
38380,9.901925,10.054393
38390,9.899091,9.991431
38400,9.94142,9.979646
38410,9.979515,10.013919
38420,9.968922,10.0447645
38430,9.959388,10.027646
38440,9.950807,9.96736
38450,9.987964,10.002861
38460,10.021405,10.034813
38470,10.051502,10.063569
38480,10.03371,10.04457
38490,10.017696,10.027471
38500,10.048164,10.012081
38510,10.075585,10.043111
38520,10.055385,10.026157
38530,10.082084,10.0109
38540,10.0612335,9.997168
38550,10.042468,9.984809
38560,10.070459,10.018566
38570,10.050772,10.004067
38580,10.033052,9.991018
38590,10.017105,9.979275
38600,10.047632,9.923825
38610,10.075107,9.96368
38620,10.054954,9.95467
38630,10.036816,9.901681
38640,10.020492,9.89887
38650,10.05068,9.896341
38660,10.07785,9.894065
38670,10.057424,9.8471365
38680,10.039039,9.849781
38690,10.022492,9.807281
38700,10.052481,9.8139105
38710,10.034591,9.819878
38720,10.06337,9.825248
38730,10.044391,9.785201
38740,10.027309,9.794039
38750,10.011936,9.801992
38760,10.04298,9.809151
38770,10.07092,9.815594
38780,10.051186,9.776512
38790,10.033425,9.786219
38800,10.017441,9.794954
38810,10.047935,9.802816
38820,10.0304985,9.809893
38830,10.014807,9.816261
38840,10.045564,9.777113
38850,10.073245,9.786759
38860,10.053278,9.840322
38870,10.080188,9.843647
38880,10.059526,9.801761
38890,10.040932,9.808943
38900,10.024197,9.860287
38910,10.054015,9.906496
38920,10.035972,9.903204
38930,10.019732,9.900242
38940,9.9602375,9.897575
38950,9.996451,9.940056
38960,9.984164,9.978288
38970,9.973105,10.012696
38980,9.963153,9.998784
38990,9.909315,9.986263
39000,9.905742,10.019875
39010,9.947405,10.005245
39020,9.895143,9.992079
39030,9.803226,9.9353485
39040,9.720502,9.839412
39050,9.60117,9.708189
39060,9.493771,9.590088
39070,9.352232,9.394037
39080,9.135087,9.172712
39090,8.939656,8.973519
39100,8.718889,8.749366
39110,8.475319,8.547627
39120,8.256105,8.321183
39130,8.013933,8.072503
39140,7.7510986,7.8486915
39150,7.5145473,7.5575013
39160,7.2567716,7.34031
39170,7.024773,7.099958
39180,6.8159747,6.8387613
39190,6.538296,6.558804
39200,6.288386,6.306843
39210,6.0634665,6.0800776
39220,5.8161592,5.875989
39230,5.5935826,5.6474295
39241,5.3035035,5.4417257
39250,5.0424323,5.2117124
39260,4.8523483,5.04958
39270,4.636393,4.8587813
39280,4.4420333,4.6421824
39290,4.1773496,4.4472437
39300,3.984014,4.2717986
39310,3.810012,4.113898
39320,3.6085305,3.9269075
39330,3.427197,3.7586162
39340,3.2639968,3.5622742
39350,3.0722368,3.3855665
39360,2.8996527,3.2265294
39370,2.789207,3.083396
39380,2.644926,2.909696
39390,2.4701931,2.7533662
39400,2.3578136,2.6126692
39410,2.211792,2.486042
39420,2.0803726,2.3720775
39430,1.9620951,2.2246294
39440,1.8107655,2.1368062
39450,1.7194487,2.0128853
39460,1.6372637,1.9013566
39470,1.5184171,1.7561008
39480,1.4114553,1.6702505
39490,1.2703097,1.5481054
39500,1.1432787,1.4830546
39510,1.0738307,1.4245089
39520,1.0113275,1.3269379
39530,0.91019475,1.2391241
39540,0.81917524,1.1600915
39550,0.8270175,1.0440823
39560,0.78919566,0.98455393
39570,0.80003583,0.8860985
39580,0.7200322,0.84236854
39590,0.64802897,0.7581317
39600,0.628106,0.7271984
39610,0.5652954,0.7442383
39620,0.5087658,0.7146944
39630,0.5027691,0.64322495
39640,0.45249218,0.62378234
39650,0.40724295,0.5614041
39660,0.36651865,0.5052637
39670,0.37474665,0.4547373
39680,0.38215187,0.40926355
39690,0.34393668,0.36833718
39700,0.309543,0.33150345
39710,0.2785887,0.2983531
39720,0.25072983,0.2685178
39730,0.22565684,0.241666
39740,0.20309114,0.2174994
39750,0.18278202,0.19574946
39760,0.16450381,0.1761745
39770,0.14805342,0.15855706
39780,0.13324808,0.14270134
39790,0.119923264,0.1284312
39800,0.107930936,0.11558808
39810,0.09713784,0.10402927
39820,0.087424055,0.093626335
39830,0.07868165,0.0842637
39840,0.070813484,0.07583733
39850,0.06373213,0.06825359
39860,0.057358917,0.06142823
39870,0.051623024,0.055285405
39881,0.04646072,0.049756862
39890,0.041814648,0.044781175
39900,0.03763318,0.040303055
39910,0.033869863,0.03627275
39920,0.030482875,0.032645475
39930,0.027434587,0.029380927
39940,0.024691127,0.026442833
39950,0.022222014,0.02379855
39960,0.019999811,0.021418694
39970,0.01799983,0.019276824
39980,0.016199846,0.01734914
39990,0.0145798605,0.015614226
40000,0.013121874,0.014052804
40010,0.011809686,0.012647523
40020,0.010628717,0.01138277
40030,0.009565845,0.010244492
40040,0.00860926,0.009220043
40050,0.007748334,0.0082980385
40060,0.006973501,0.0074682343
40070,0.0062761507,0.006721411
40080,0.0056485357,0.00604927
40090,0.005083682,0.0054443427
40100,0.0045753135,0.0048999083
40110,0.004117782,0.004409917
40120,0.003706004,0.003968925
40130,0.0033354035,0.0035720326
40140,0.0030018631,0.0032148291
40150,0.0027016767,0.0028933461
40160,0.0024315089,0.0026040114
40170,0.002188358,0.0023436102
40180,0.001969522,0.0021092491
40190,0.0017725698,0.0018983241
40200,0.0015953128,0.0017084917
40210,0.0014357815,0.0015376424
40220,0.0012922033,0.0013838782
40230,0.001162983,0.0012454903
40240,0.0010466847,0.0011209412
40250,0.0009420162,0.0010088471
40260,0.00084781455,0.0009079624
40270,0.00076303305,0.0008171661
40280,0.00068672973,0.0007354495
40290,0.00061805674,0.0006619045
40300,0.00055625103,0.000595714
40310,0.00050062593,0.0005361426
40320,0.00045056333,0.00048252835
40330,0.000405507,0.0004342755
40340,0.00036495627,0.00039084794
40350,0.00032846065,0.00035176313
40360,0.0002956146,0.0003165868
40370,0.00026605313,0.00028492813
40380,0.0002394478,0.0002564353
40390,0.00021550302,0.00023079177
40400,0.00019395271,0.0002077126
40410,0.00017455744,0.00018694134
40420,0.00015710169,0.0001682472
40430,0.00014139152,0.00015142249
40440,0.00012725237,0.00013628023
40450,0.00011452712,0.0001226522
40460,0.00010307441,0.00011038698
40470,0.00009276697,0.00009934828
40480,0.00008349027,0.00008941345
40490,0.00007514124,0.000080472106
40500,0.00006762711,0.0000724249
40510,0.000060864397,0.00006518241
40520,0.000054777956,0.000058664165
40530,0.00004930016,0.000052797746
40540,0.000044370143,0.00004751797
40550,0.00003993313,0.000042766173
40560,0.000035939815,0.000038489554
40570,0.000032345833,0.000034640598
40580,0.00002911125,0.000031176536
40590,0.000026200125,0.000028058881
40600,0.000023580113,0.000025252992
40610,0.0000212221,0.000022727692
40621,0.000019099889,0.000020454923
40630,0.0000171899,0.00001840943
40640,0.000015470909,0.000016568487
40650,0.000013923817,0.000014911638
40660,0.0000125314355,0.000013420474
40670,0.000011278292,0.000012078426
40680,0.000010150462,0.0000108705835
40690,0.000009135416,0.000009783525
40700,0.000008221874,0.000008805172
40710,0.000007399686,0.000007924655
40720,0.000006659717,0.0000071321892
40730,0.000005993745,0.0000064189703
40740,0.0000053943704,0.000005777073
40750,0.000004854933,0.0000051993657
40760,0.00000436944,0.000004679429
40770,0.000003932496,0.0000042114857
40780,0.0000035392463,0.0000037903371
40790,0.0000031853217,0.0000034113034
40800,0.0000028667894,0.000003070173
40810,0.0000025801103,0.0000027631556
40820,0.0000023220991,0.00000248684
40830,0.0000020898892,0.000002238156
40840,0.0000018809003,0.0000020143402
40850,0.0000016928102,0.0000018129061
40860,0.0000015235291,0.0000016316155
40870,0.0000013711762,0.0000014684539
40880,0.0000012340585,0.0000013216085
40891,0.0000011106525,0.0000011894476
40900,0.0000009995872,0.0000010705029
40910,0.00000089962845,0.0000009634525
40920,0.0000008096656,0.00000086710725
40930,0.00000072869904,0.0000007803965
40940,0.0000006558291,0.00000070235683
40950,0.0000005902462,0.00000063212116
40960,0.0000005312216,0.000000568909
40970,0.0000004780994,0.00000051201806
40980,0.00000043028948,0.00000046081624
40990,0.0000003872605,0.00000041473461
41000,0.00000034853446,0.00000037326114
41010,0.000000313681,0.00000033593503
41020,0.0000002823129,0.0000003023415
41030,0.0000002540816,0.00000027210734
41040,0.00000022867344,0.0000002448966
41050,0.00000020580609,0.00000022040693
41060,0.00000018522547,0.00000019836624
41070,0.00000016670292,0.0000001785296
41080,0.00000015003262,0.00000016067663
41090,0.00000013502935,0.00000014460896
41100,0.00000012152641,0.00000013014807
41110,0.000000109373765,0.000000117133254
41120,0.00000009843639,0.00000010541993
41130,0.00000008859275,0.00000009487793
41140,0.000000079733475,0.000000085390134
41150,0.00000007176013,0.000000076851116
41160,0.000000064584114,0.000000069166
41170,0.0000000581257,0.0000000622494
41180,0.00000005231313,0.000000056024458
41190,0.000000047081816,0.00000005042201
41200,0.00000004237363,0.000000045379807
41210,0.000000038136267,0.000000040841826
41220,0.00000003432264,0.000000036757644
41230,0.000000030890373,0.00000003308188
41240,0.000000027801335,0.00000002977369
41250,0.000000025021201,0.00000002679632
41260,0.00000002251908,0.000000024116687
41270,0.000000020267171,0.000000021705018
41280,0.000000018240453,0.000000019534516
41290,0.000000016416408,0.000000017581064
41300,0.000000014774766,0.000000015822957
41310,0.0000000132972895,0.000000014240661
41320,0.00000001196756,0.000000012816595
41330,0.000000010770804,0.000000011534935
41340,0.000000009693723,0.000000010381441
41350,0.000000008724351,0.000000009343296
41360,0.000000007851916,0.000000008408966
41370,0.0000000070667237,0.000000007568069
41380,0.000000006360051,0.0000000068112618
41390,0.0000000057240457,0.0000000061301355
41400,0.000000005151641,0.000000005517122
41410,0.0000000046364765,0.0000000049654094
41420,0.0000000041728287,0.0000000044688684
41430,0.0000000037555457,0.0000000040219814
41440,0.000000003379991,0.0000000036197831
41450,0.0000000030419918,0.0000000032578047
41460,0.0000000027377924,0.0000000029320242
41470,0.0000000024640132,0.0000000026388216
41480,0.0000000022176119,0.0000000023749394
41490,0.0000000019958506,0.0000000021374453
41500,0.0000000017962655,0.0000000019237008
41510,0.0000000016166389,0.0000000017313306
41520,0.000000001454975,0.0000000015581976
41530,0.0000000013094775,0.0000000014023778
41540,0.0000000011785297,0.00000000126214
41550,0.0000000010606768,0.0000000011359259
41560,0.0000000009546091,0.0000000010223333
41570,0.00000000085914814,0.0000000009201
41580,0.0000000007732333,0.00000000082809
41590,0.00000000069590994,0.00000000074528095
41600,0.00000000062631894,0.00000000067075284
41610,0.00000000056368704,0.00000000060367755
41620,0.0000000005073183,0.0000000005433098
41630,0.00000000045658646,0.0000000004889788
41640,0.00000000041092782,0.00000000044008092
41650,0.00000000036983502,0.0000000003960728
41660,0.00000000033285152,0.00000000035646552
41670,0.00000000029956637,0.00000000032081895
41680,0.00000000026960972,0.00000000028873706
41690,0.00000000024264873,0.00000000025986335
41700,0.00000000021838385,0.000000000233877
41710,0.00000000019654546,0.00000000021048929
41720,0.0000000001768909,0.00000000018944035
41730,0.0000000001592018,0.00000000017049631
41740,0.00000000014328162,0.00000000015344667
41750,0.00000000012895346,0.000000000138102
41760,0.00000000011605811,0.0000000001242918
41770,0.000000000104452294,0.000000000111862616
41780,0.00000000009400706,0.00000000010067635
41790,0.00000000008460635,0.000000000090608715
41800,0.000000000076145715,0.00000000008154784
41810,0.00000000006853114,0.000000000073393056
41820,0.000000000061678024,0.000000000066053746
41830,0.00000000005551022,0.00000000005944837
41840,0.000000000049959197,0.00000000005350353
41850,0.000000000044963276,0.000000000048153176
41860,0.000000000040466946,0.000000000043337858
41870,0.00000000003642025,0.00000000003900407
41880,0.000000000032778225,0.000000000035103663
41890,0.000000000029500402,0.000000000031593297
41900,0.000000000026550361,0.000000000028433967
41910,0.000000000023895325,0.00000000002559057
41920,0.000000000021505792,0.000000000023031512
41930,0.000000000019355212,0.00000000002072836
41940,0.00000000001741969,0.000000000018655523
41950,0.000000000015677721,0.00000000001678997
41960,0.0000000000141099485,0.000000000015110973
41970,0.000000000012698953,0.0000000000135998756
41980,0.000000000011429057,0.000000000012239888
41990,0.000000000010286151,0.000000000011015899
42000,0.000000000009257536,0.000000000009914309
42010,0.000000000008331782,0.000000000008922878
42020,-0.08975979,-0.044879895
42030,-0.1256637,-0.13015169
42040,-0.247737,-0.2517762
42050,-0.35760298,-0.36123824
42060,-0.50136226,-0.5495139
42070,-0.6756255,-0.71896195
42080,-0.7875825,-0.9163451
42090,-0.9781036,-1.09399
42100,-1.1495726,-1.2987503
42110,-1.3936545,-1.5279144
42120,-1.6582081,-1.779042
42130,-1.9411862,-2.0050569
42140,-2.1509867,-2.20847
42150,-2.384687,-2.436422
42160,-2.684777,-2.6864586
42170,-2.954858,-2.9563713
42180,-3.1979308,-3.199293
42190,-3.4166963,-3.4179223
42200,-3.6584651,-3.7044485
42210,-3.920937,-3.962322
42220,-4.2020416,-4.1944084
42230,-4.4101563,-4.403286
42240,-4.6423388,-4.591276
42250,-4.896183,-4.8502264
42260,-5.124643,-5.083282
42270,-5.3302565,-5.2930317
42280,-5.515309,-5.4818068
42290,-5.726736,-5.696584
42300,-5.9170203,-5.8898835
42310,-6.1331563,-6.0638533
42320,-6.3276787,-6.2653055
42330,-6.5027485,-6.446613
42340,-6.660311,-6.5649095
42350,-6.802118,-6.761136
42360,-6.9746237,-6.9377403
42370,-7.129879,-7.096684
42380,-7.269609,-7.239733
42390,-7.3953657,-7.368478
42400,-7.5534267,-7.5292277
42410,-7.6956816,-7.6739025
42420,-7.823711,-7.80411
42430,-7.9389377,-7.9212966
42440,-8.042642,-7.9818845
42450,-8.180855,-8.126174
42460,-8.350127,-8.256034
42470,-8.457592,-8.372909
42480,-8.509431,-8.433215
42490,-8.6009655,-8.487492
42500,-8.728227,-8.581221
42510,-8.797882,-8.710456
42520,-8.905452,-8.781888
42530,-9.002264,-8.846177
42540,-9.044516,-8.904037
42550,-9.127422,-8.956112
42560,-9.202038,-9.047858
42570,-9.269192,-9.13043
42580,-9.329631,-9.159865
42590,-9.339146,-9.186357
42600,-9.437469,-9.255078
42610,-9.481079,-9.361808
42620,-9.565209,-9.368105
42630,-9.596046,-9.418653
42640,-9.623799,-9.464145
42650,-9.693657,-9.505088
42660,-9.711649,-9.586817
42670,-9.772722,-9.615493
42680,-9.782808,-9.596421
42690,-9.836765,-9.624137
42700,-9.885326,-9.649081
42710,-9.929031,-9.716411
42720,-9.968366,-9.777007
42730,-9.958887,-9.786664
42740,-9.9503565,-9.795356
42750,-9.987558,-9.848058
42760,-10.02104,-9.89549
42770,-10.006294,-9.893298
42780,-9.993023,-9.891326
42790,-9.981078,-9.934431
42800,-9.970328,-9.928346
42810,-10.005533,-10.012629
42820,-10.037218,-9.998724
42830,-9.975974,-9.98621
42840,-9.9657345,-9.974947
42850,-10.001399,-10.00969
42860,-10.033497,-10.040959
42870,-10.017505,-10.024221
42880,-10.003112,-10.009157
42890,-9.990158,-9.9956
42900,-10.02338,-10.028277
42910,-10.05328,-10.057688
42920,-10.08019,-10.039277
42930,-10.059528,-10.022707
42940,-10.040934,-10.007794
42950,-10.024199,-10.039252
42960,-10.054016,-10.067565
42970,-10.035973,-10.048166
42980,-10.019733,-10.030707
42990,-10.005118,-10.014995
43000,-10.036844,-10.0457325
43010,-10.065397,-10.073397
43020,-10.046215,-10.053415
43030,-10.028952,-10.035432
43040,-10.013414,-10.019246
43050,-10.044311,-10.04956
43060,-10.072117,-10.076841
43070,-10.052263,-10.056515
43080,-10.079275,-10.038221
43090,-10.058705,-10.021757
43100,-10.040193,-10.006939
43110,-10.068411,-10.038483
43121,-10.048927,-10.066873
43130,-10.031392,-10.002664
43140,-10.060491,-9.989755
43150,-10.0418,-10.023017
43160,-10.069858,-10.052953
43170,-10.09511,-10.035015
43180,-10.072957,-10.018871
43190,-10.00814,-10.004342
43200,-10.039563,-10.036145
43210,-10.067844,-10.064769
43220,-10.093298,-10.04565
43230,-10.071326,-10.028442
43240,-10.051552,-10.012956
43250,-10.033754,-10.043898
43260,-10.062616,-10.026866
43270,-10.043713,-10.056417
43280,-10.026699,-10.038134
43290,-10.011387,-10.021678
43300,-10.042486,-10.051748
43310,-10.070476,-10.078812
43320,-10.095666,-10.058289
43330,-10.073457,-10.039818
43340,-10.053469,-10.023194
43350,-10.080359,-10.053113
43360,-10.059681,-10.080039
43370,-10.085951,-10.059393
43380,-10.0647135,-10.040812
43390,-10.0456,-10.024088
43400,-10.073277,-10.053917
43410,-10.053308,-10.080763
43420,-10.0802145,-10.060044
43430,-10.059551,-10.041398
43440,-9.996074,-10.024616
43450,-10.028704,-10.009513
43460,-10.058071,-10.040799
43470,-10.039622,-10.068957
43480,-10.023018,-10.049419
43490,-10.008074,-10.031836
43500,-10.039504,-10.06089
43510,-10.067791,-10.087039
43520,-10.093249,-10.065693
43530,-10.071282,-10.046481
43540,-10.006632,-10.029191
43550,-10.038206,-10.05851
43560,-10.066624,-10.084897
43570,-10.047319,-10.108645
43580,-10.029945,-10.085138
43590,-10.014309,-10.063982
43600,-10.000236,-10.044942
43610,-9.98757,-10.072685
43620,-10.02105,-10.052774
43630,-10.006303,-10.034855
43640,-9.993031,-10.018727
43650,-9.981086,-10.004212
43660,-10.015215,-10.036029
43670,-10.001051,-10.064664
43680,-9.988304,-10.045555
43690,-9.976831,-10.0283575
43700,-9.966506,-10.057759
43710,-9.957213,-10.084221
43720,-9.94885,-10.063157
43730,-9.941322,-10.044199
43740,-9.889668,-10.027137
43750,-9.93294,-10.011781
43760,-9.927004,-10.04284
43770,-9.966541,-10.070794
43780,-9.957245,-10.051072
43790,-9.948878,-10.033322
43800,-9.986228,-10.062228
43810,-10.019843,-10.0882435
43820,-10.005217,-10.066777
43830,-9.992053,-10.047458
43840,-9.980206,-10.030069
43850,-10.014422,-10.0144205
43860,-10.0452175,-10.045217
43870,-10.072933,-10.072932
43880,-10.052998,-10.052997
43890,-10.035056,-10.035055
43900,-10.0189085,-10.018908
43910,-10.049255,-10.049254
43920,-10.031688,-10.031687
43930,-10.015877,-10.015876
43940,-10.001647,-10.001646
43950,-10.03372,-9.988839
43960,-10.017706,-10.022193
43970,-10.048173,-10.007332
43980,-10.030713,-9.993957
43990,-9.970119,-9.937038
44000,-10.005345,-9.930693
44010,-10.037048,-9.969861
44020,-10.020701,-9.960233
44030,-10.005989,-9.906688
44040,-9.992748,-9.903377
44050,-9.980831,-9.900396
44060,-10.014986,-9.942595
44070,-10.000845,-9.935693
44080,-9.943238,-9.9294815
44090,-9.936273,-9.923891
44100,-9.930003,-9.963739
44110,-9.92436,-9.999603
44120,-9.919282,-9.987
44130,-9.914712,-9.975658
44140,-9.910599,-9.96545
44150,-9.906897,-10.001143
44160,-9.948444,-10.033267
44170,-9.985838,-10.017298
44180,-9.974612,-10.047806
44190,-9.964509,-10.030383
44200,-10.000296,-10.059583
44210,-10.032504,-10.085862
44220,-10.061491,-10.109513
44230,-10.0427,-10.085919
44240,-10.025787,-10.019805
44250,-10.055447,-10.050062
44260,-10.08214,-10.077293
44270,-10.106164,-10.101802
44280,-10.082906,-10.0789795
44290,-10.017093,-10.058439
44300,-10.047621,-10.039953
44310,-10.075096,-10.023315
44320,-10.054944,-10.053222
44330,-10.036807,-10.035257
44340,-9.975604,-9.97421
44350,-10.010282,-10.009027
44360,-10.0414915,-10.040361
44370,-10.0247,-10.023684
44380,-10.009588,-10.008673
44390,-9.995987,-9.995163
44400,-10.028626,-10.0278845
44410,-10.0580015,-10.012454
44420,-10.039559,-9.998567
44430,-10.022962,-9.986068
44440,-10.008023,-9.929939
44450,-10.039458,-9.924303
44460,-10.02287,-9.96411
44470,-10.052821,-9.910177
44480,-10.034897,-9.906517
44490,-10.018765,-9.858343
44500,-10.049127,-9.859867
44510,-10.076451,-9.906118
44520,-10.056164,-9.902864
44530,-10.037906,-9.855056
44540,-10.021473,-9.856908
44550,-10.051563,-9.813695
44560,-10.078645,-9.864563
44570,-10.103018,-9.865464
44580,-10.080074,-9.821396
44590,-10.059424,-9.871494
44600,-10.04084,-9.871703
44610,-10.068994,-9.871891
44620,-10.094332,-9.87206
44630,-10.072256,-9.827332
44640,-10.052388,-9.831956
44650,-10.034507,-9.836118
44660,-10.063293,-9.884744
44670,-10.044322,-9.883627
44680,-10.027247,-9.837742
44690,-10.011881,-9.841326
44700,-10.042931,-9.844551
44710,-10.070875,-9.892334
44720,-10.051146,-9.890458
44730,-10.033389,-9.88877
44740,-10.017408,-9.842371
44750,-10.047905,-9.845491
44760,-10.075353,-9.89318
44770,-10.055175,-9.89122
44780,-10.037015,-9.889456
44790,-10.020671,-9.842988
44800,-10.050841,-9.890927
44810,-10.077995,-9.9340725
44820,-10.057553,-9.928023
44830,-10.039156,-9.967459
44840,-10.022598,-9.958071
44850,-10.052576,-9.994501
44860,-10.079556,-10.027288
44870,-10.058959,-10.056797
44880,-10.040421,-10.038475
44890,-10.023736,-10.021985
44900,-10.0536,-10.007144
44910,-10.080478,-10.038668
44920,-10.059788,-10.067039
44930,-10.041167,-10.002812
44940,-10.024408,-9.989889
44950,-10.009325,-10.023138
44960,-10.04063,-10.053062
44970,-10.068805,-10.035114
44980,-10.049282,-10.018961
44990,-10.031712,-10.004423
45000,-10.060779,-10.036219
45010,-10.086939,-10.064835
45020,-10.065603,-10.000829
45030,-9.956641,-9.943224
45040,-9.858575,-9.846499
45050,-9.725435,-9.714567
45060,-9.56073,-9.595829
45070,-9.412496,-9.444084
45080,-9.189324,-9.217754
45090,-8.94359,-9.014057
45100,-8.722429,-8.78585
45110,-8.523385,-8.580462
45120,-8.299365,-8.395615
45130,-8.052867,-8.139492
45140,-7.786139,-7.8641014
45150,-7.501204,-7.61625
45160,-7.2896423,-7.3931837
45170,-7.054357,-7.1924243
45180,-6.7977204,-6.921981
45190,-6.566747,-6.6785817
45200,-6.2691116,-6.414643
45210,-6.0461197,-6.2219777
45220,-5.8005466,-5.958819
45230,-5.579531,-5.7219763
45240,-5.335737,-5.5088177
45250,-5.071443,-5.272095
45260,-4.878458,-5.1039248
45270,-4.6598916,-4.8628116
45280,-4.418302,-4.6906896
45290,-4.200871,-4.44602
45300,-4.005183,-4.2706976
45310,-3.8290644,-4.068027
45320,-3.6256776,-3.8856237
45330,-3.4426293,-3.676581
45340,-3.277886,-3.4884424
45350,-3.084737,-3.2742379
45360,-2.910903,-3.1263337
45370,-2.7993324,-2.94834
45380,-2.609159,-2.7432656
45390,-2.4828827,-2.6035788
45400,-2.3243542,-2.4329808
45410,-2.2265584,-2.2794425
45420,-2.0936623,-2.141258
45430,-1.9291759,-2.016892
45440,-1.7811382,-1.9049625
45450,-1.6479043,-1.804226
45460,-1.5728736,-1.7135632
45470,-1.4604661,-1.5870868
45480,-1.4041793,-1.473258
45490,-1.3086413,-1.370812
45500,-1.1777772,-1.2786107
45510,-1.0151196,-1.1956295
45520,-0.9136076,-1.1658263
45530,-0.8222468,-1.1390035
45540,-0.74002206,-1.0251031
45550,-0.66601986,-0.92259276
45560,-0.59941787,-0.8303335
45570,-0.53947604,-0.79218
45580,-0.4855284,-0.712962
45590,-0.43697557,-0.64166576
45600,-0.393278,-0.57749915
45610,-0.3539502,-0.5197492
45620,-0.31855518,-0.5126542
45630,-0.28669965,-0.46138877
45640,-0.25802967,-0.46012977
45650,-0.2322267,-0.41411677
45660,-0.20900403,-0.37270507
45670,-0.18810362,-0.33543456
45680,-0.16929325,-0.3018911
45690,-0.15236393,-0.27170196
45700,-0.13712753,-0.24453177
45710,-0.12341478,-0.22007859
45720,-0.1110733,-0.19807072
45730,-0.09996597,-0.17826365
45740,-0.08996937,-0.16043729
45750,-0.080972426,-0.14439355
45760,-0.07287518,-0.12995419
45770,-0.06558766,-0.11695877
45780,-0.059028894,-0.10526289
45790,-0.053126004,-0.0947366
45800,-0.0478134,-0.08526294
45810,-0.043032058,-0.076736644
45820,-0.03872885,-0.06906298
45830,-0.034855966,-0.062156677
45840,-0.031370368,-0.055941008
45850,-0.02823333,-0.050346907
45860,-0.025409997,-0.045312215
45870,-0.022868996,-0.04078099
45880,-0.020582097,-0.03670289
45890,-0.018523887,-0.0330326
45900,-0.016671497,-0.029729338
45910,-0.015004347,-0.026756404
45920,-0.013503912,-0.024080763
45930,-0.01215352,-0.021672687
45940,-0.010938168,-0.019505417
45950,-0.009844351,-0.017554875
45960,-0.008859916,-0.015799388
45970,-0.007973924,-0.014219449
45980,-0.0071765315,-0.012797504
45990,-0.006458878,-0.011517753
46000,-0.00581299,-0.010365977
46010,-0.005231691,-0.009329379
46020,-0.004708522,-0.00839644
46030,-0.0042376695,-0.007556796
46040,-0.0038139024,-0.0068011163
46050,-0.003432512,-0.0061210045
46060,-0.0030892608,-0.005508904
46070,-0.0027803346,-0.0049580135
46080,-0.002502301,-0.004462212
46090,-0.002252071,-0.0040159905
46100,-0.0020268639,-0.0036143914
46110,-0.0018241775,-0.0032529521
46120,-0.0016417596,-0.0029276568
46130,-0.0014775837,-0.002634891
46140,-0.0013298253,-0.002371402
46150,-0.0011968428,-0.0021342617
46160,-0.0010771585,-0.0019208355
46170,-0.0009694426,-0.0017287519
46180,-0.0008724983,-0.0015558767
46190,-0.00078524847,-0.001400289
46200,-0.0007067236,-0.0012602601
46210,-0.00063605123,-0.0011342341
46220,-0.0005724461,-0.0010208107
46230,-0.0005152015,-0.0009187296
46240,-0.00046368132,-0.0008268566
46250,-0.0004173132,-0.0007441709
46260,-0.00037558185,-0.0006697538
46270,-0.00033802364,-0.0006027784
46280,-0.00030422126,-0.0005425005
46290,-0.00027379912,-0.00048825046
46300,-0.0002464192,-0.0004394254
46310,-0.00022177727,-0.00039548284
46320,-0.00019959954,-0.00035593455
46330,-0.00017963958,-0.0003203411
46340,-0.00016167562,-0.00028830697
46350,-0.00014550805,-0.00025947628
46360,-0.00013095724,-0.00023352864
46370,-0.00011786151,-0.00021017577
46380,-0.00010607536,-0.00018915819
46390,-0.00009546782,-0.00017024236
46400,-0.000085921034,-0.00015321812
46410,-0.00007732893,-0.0001378963
46420,-0.00006959603,-0.00012410668
46430,-0.00006263643,-0.000111696005
46440,-0.000056372784,-0.0001005264
46450,-0.000050735503,-0.00009047375
46460,-0.000045661953,-0.00008142638
46470,-0.00004109576,-0.000073283736
46480,-0.00003698618,-0.00006595536
46490,-0.00003328756,-0.000059359823
46500,-0.000029958805,-0.00005342384
46510,-0.000026962924,-0.000048081452
46520,-0.00002426663,-0.000043273307
46530,-0.000021839967,-0.000038945975
46540,-0.00001965597,-0.000035051376
46550,-0.000017690372,-0.00003154624
46560,-0.000015921334,-0.000028391614
46570,-0.0000143292,-0.000025552452
46580,-0.000012896279,-0.000022997207
46590,-0.000011606651,-0.000020697486
46600,-0.000010445986,-0.000018627736
46610,-0.000009401387,-0.000016764961
46620,-0.0000084612475,-0.000015088465
46630,-0.0000076151227,-0.000013579618
46640,-0.00000685361,-0.000012221656
46650,-0.000006168249,-0.00001099949
46660,-0.000005551424,-0.000009899541
46670,-0.0000049962814,-0.0000089095865
46680,-0.000004496653,-0.000008018627
46690,-0.0000040469877,-0.0000072167645
46700,-0.000003642289,-0.0000064950877
46710,-0.00000327806,-0.000005845579
46720,-0.000002950254,-0.0000052610208
46730,-0.0000026552284,-0.0000047349185
46740,-0.0000023897055,-0.0000042614265
46750,-0.0000021507349,-0.0000038352837
46760,-0.0000019356614,-0.0000034517552
46770,-0.0000017420953,-0.0000031065797
46780,-0.0000015678856,-0.0000027959215
46790,-0.0000014110971,-0.0000025163292
46800,-0.0000012699874,-0.0000022646961
46810,-0.0000011429886,-0.0000020382265
46820,-0.0000010286897,-0.0000018344039
46830,-0.0000009258207,-0.0000016509634
46840,-0.00000083323863,-0.0000014858671
46850,-0.00000074991476,-0.0000013372803
46860,-0.0000006749233,-0.0000012035523
46870,-0.00000060743093,-0.000001083197
46880,-0.00000054668783,-0.0000009748774
46890,-0.000000492019,-0.0000008773896
46900,-0.0000004428171,-0.00000078965064
46910,-0.00000039853538,-0.0000007106856
46920,-0.00000035868183,-0.000000639617
46930,-0.00000032281363,-0.0000005756553
46940,-0.00000029053226,-0.00000051808973
46950,-0.00000026147902,-0.00000046628074
46960,-0.00000023533111,-0.00000041965265
46970,-0.000000211798,-0.00000037768737
46980,-0.0000001906182,-0.0000003399186
46990,-0.00000017155637,-0.00000030592673
47000,-0.00000015440072,-0.00000027533406
47010,-0.00000013896064,-0.00000024780064
47020,-0.00000012506457,-0.00000022302058
47030,-0.00000011255811,-0.00000020071852
47040,-0.0000001013023,-0.00000018064667
47050,-0.00000009117207,-0.000000162582
47060,-0.00000008205486,-0.0000001463238
47070,-0.00000007384937,-0.00000013169142
47080,-0.00000006646443,-0.00000011852228
47090,-0.000000059817985,-0.00000010667005
47100,-0.000000053836185,-0.00000009600304
47110,-0.000000048452566,-0.000000086402736
47120,-0.000000043607308,-0.00000007776246
47130,-0.000000039246576,-0.00000006998621
47140,-0.000000035321918,-0.00000006298758
47150,-0.000000031789725,-0.000000056688823
47160,-0.000000028610751,-0.00000005101994
47170,-0.000000025749676,-0.000000045917943
47180,-0.000000023174708,-0.000000041326146
47190,-0.000000020857238,-0.00000003719353
47200,-0.000000018771514,-0.000000033474176
47210,-0.000000016894361,-0.000000030126756
47220,-0.000000015204925,-0.00000002711408
47230,-0.000000013684432,-0.000000024402672
47240,-0.000000012315989,-0.000000021962403
47250,-0.00000001108439,-0.000000019766162
47260,-0.000000009975951,-0.000000017789546
47270,-0.000000008978356,-0.00000001601059
47280,-0.00000000808052,-0.0000000144095305
47290,-0.000000007272468,-0.000000012968577
47300,-0.000000006545221,-0.00000001167172
47310,-0.0000000058906986,-0.0000000105045475
47320,-0.0000000053016285,-0.000000009454093
47330,-0.0000000047714654,-0.0000000085086835
47340,-0.0000000042943187,-0.000000007657815
47350,-0.0000000038648866,-0.000000006892033
47360,-0.0000000034783978,-0.00000000620283
47370,-0.000000003130558,-0.000000005582547
47380,-0.0000000028175022,-0.000000005024292
47390,-0.0000000025357518,-0.000000004521863
47400,-0.0000000022821767,-0.0000000040696766
47410,-0.000000002053959,-0.0000000036627088
47420,-0.0000000018485631,-0.0000000032964378
47430,-0.0000000016637067,-0.000000002966794
47440,-0.000000001497336,-0.0000000026701144
47450,-0.0000000013476024,-0.0000000024031028
47460,-0.000000001212842,-0.0000000021627924
47470,-0.0000000010915578,-0.0000000019465132
47480,-0.000000000982402,-0.0000000017518618
47490,-0.0000000008841618,-0.0000000015766756
47500,-0.0000000007957456,-0.000000001419008
47510,-0.000000000716171,-0.0000000012771072
47520,-0.0000000006445539,-0.0000000011493965
47530,-0.0000000005800985,-0.0000000010344567
47540,-0.00000000052208865,-0.00000000093101105
47550,-0.00000000046987975,-0.0000000008379099
47560,-0.00000000042289175,-0.0000000007541189
47570,-0.00000000038060258,-0.000000000678707
47580,-0.0000000003425423,-0.00000000061083627
47590,-0.00000000030828806,-0.00000000054975263
47600,-0.00000000027745925,-0.00000000049477733
47610,-0.0000000002497133,-0.00000000044529957
47620,-0.00000000022474198,-0.0000000004007696
47630,-0.00000000020226777,-0.00000000036069264
47640,-0.000000000182041,-0.00000000032462336
47650,-0.00000000016383689,-0.00000000029216102
47660,-0.0000000001474532,-0.00000000026294492
47670,-0.00000000013270787,-0.00000000023665042
47680,-0.00000000011943709,-0.00000000021298538
47690,-0.000000000107493375,-0.00000000019168683
47700,-0.000000000096744036,-0.00000000017251814
47710,-0.00000000008706963,-0.00000000015526633
47720,-0.000000000078362664,-0.00000000013973969
47730,-0.0000000000705264,-0.00000000012576572
47740,-0.000000000063473754,-0.000000000113189146
47750,-0.000000000057126377,-0.00000000010187023
47760,-0.000000000051413738,-0.0000000000916832
47770,-0.000000000046272364,-0.00000000008251488
47780,-0.00000000004164513,-0.00000000007426339
47790,-0.000000000037480616,-0.00000000006683705
47800,-0.000000000033732555,-0.00000000006015334
47810,-0.0000000000303593,-0.000000000054138007
47820,-0.000000000027323368,-0.000000000048724205
47830,-0.00000000002459103,-0.000000000043851783
47840,-0.000000000022131926,-0.000000000039466604
47850,-0.000000000019918733,-0.00000000003551994
47860,-0.00000000001792686,-0.000000000031967946
47870,-0.000000000016134174,-0.00000000002877115
47880,-0.000000000014520756,-0.000000000025894035
47890,-0.00000000001306868,-0.00000000002330463
47900,-0.000000000011761811,-0.000000000020974167
47910,-0.00000000001058563,-0.000000000018876749
47920,-0.000000000009527067,-0.000000000016989073
47930,-0.00000000000857436,-0.000000000015290165
47940,-0.0000000000077169235,-0.0000000000137611485
47950,-0.000000000006945231,-0.000000000012385033
47960,-0.0000000000062507074,-0.00000000001114653
47970,-0.0000000000056256367,-0.000000000010031876
47980,-0.000000000005063073,-0.000000000009028688
47990,-0.0000000000045567656,-0.0000000000081258195
48000,-0.000000000004101089,-0.000000000007313238
48010,-0.00000000000369098,-0.000000000006581914
48020,0.044879895,0.044879895
48030,0.13015169,0.17503159
48040,0.2068963,0.2921681
48050,0.32084635,0.44247088
48060,0.4682813,0.57774335
48070,0.6458526,0.78924835
48080,0.8505467,0.9796029
48090,1.0347714,1.150922
48100,1.2454536,1.3499889
48110,1.4799474,1.6189091
48120,1.7358718,1.8609372
48130,2.0110836,2.0787625
48140,2.2138941,2.2748053
48150,2.4413037,2.5410035
48160,2.735732,2.780582
48170,3.0007176,3.0410824
48180,3.2392044,3.2306528
48190,3.4538426,3.4461462
48200,3.691897,3.72985
48210,3.9510257,3.9851835
48220,4.184242,4.214984
48230,4.439016,4.421804
48240,4.6234326,4.607942
48250,4.8791676,4.865226
48260,5.1093287,5.0967813
48270,5.316474,5.305181
48280,5.5029044,5.447861
48290,5.670692,5.621153
48300,5.9114604,5.8219957
48310,6.1281524,6.047634
48320,6.323175,6.2507086
48330,6.4538155,6.4334755
48340,6.6162715,6.5979657
48350,6.762482,6.790887
48360,6.9389515,6.9645157
48370,7.142654,7.075902
48380,7.2811065,7.2210293
48391,7.4057136,7.351644
48400,7.56274,7.514077
48410,7.7040634,7.660267
48420,7.8312545,7.8367176
48430,7.945727,7.9057636
48440,8.048752,8.012785
48450,8.141475,8.153984
48460,8.314685,8.281063
48470,8.380815,8.350554
48480,8.48521,8.457976
48490,8.579167,8.554656
48500,8.663729,8.641668
48510,8.784714,8.764859
48520,8.8936,8.830851
48530,8.946718,8.890244
48540,8.994524,8.943697
48550,9.08243,9.036685
48560,9.206425,9.120375
48570,9.27314,9.195695
48580,9.288304,9.218603
48590,9.301951,9.284101
48600,9.359114,9.343048
48610,9.4554405,9.396101
48620,9.542134,9.488729
48630,9.530398,9.482333
48640,9.564716,9.476578
48651,9.640483,9.561158
48660,9.663793,9.592401
48670,9.684772,9.620519
48680,9.703652,9.645824
48690,9.765525,9.6686
48700,9.82121,9.733978
48710,9.826447,9.792818
48720,9.8760395,9.800894
48730,9.875793,9.808163
48740,9.875572,9.814704
48750,9.920253,9.910351
48760,9.960465,9.951553
48770,9.996656,9.943756
48780,9.984348,9.936738
48790,9.973271,9.930422
48800,9.963302,9.969618
48810,9.999209,10.004894
48820,10.031527,10.036643
48830,10.015732,10.020336
48841,10.001516,10.00566
48850,9.988723,9.992452
48860,10.022088,10.025444
48870,10.052117,10.055138
48880,9.989384,10.036982
48890,9.977803,10.020641
48900,10.01226,10.005935
48910,10.043272,10.037579
48920,10.026302,10.066058
48930,10.01103,10.04681
48940,9.997285,10.029487
48950,10.029794,10.013896
48960,10.059052,10.0447445
48970,10.085385,10.072508
48980,10.064204,10.052615
48990,10.045141,10.034712
49000,10.027985,10.018599
49010,10.057424,10.048977
49020,10.039039,10.076317
49030,10.067372,10.056043
49040,10.047993,10.037796
49050,10.030551,10.021375
49060,10.059733,10.051475
49070,10.085998,10.078565
49080,10.064755,10.058066
49091,10.045638,10.039618
49100,10.028432,10.023014
49110,10.057826,10.052951
49120,10.084281,10.035013
49130,10.0632105,10.063749
49140,10.044248,10.044732
49150,10.072061,10.0276165
49160,10.097093,10.057093
49170,10.074741,10.083621
49180,10.0546255,10.062616
49190,10.036521,10.043713
49200,10.0202265,10.026699
49210,10.050442,10.056267
49220,10.077636,10.037998
49230,10.05723,10.021556
49240,9.993985,10.006758
49250,10.026824,10.03832
49260,10.011499,10.066726
49270,10.042587,10.047411
49280,10.025686,10.074907
49290,10.010475,10.054774
49300,9.996785,10.036654
49310,10.029345,10.065227
49320,10.058648,10.090941
49330,10.040141,10.024325
49340,9.978605,10.009251
49350,10.012982,9.995684
49360,10.043921,10.028353
49370,10.026887,10.057755
49380,10.011556,10.039338
49390,9.997758,10.022762
49400,9.98534,10.007844
49410,10.019044,10.039297
49420,10.049377,10.067605
49430,9.9869175,10.0482025
49440,9.975584,9.98586
49450,9.965384,10.019511
49460,10.001083,10.049798
49470,9.988333,10.032176
49480,9.931977,10.016316
49490,9.926137,10.002043
49500,9.920881,9.989197
49510,9.961031,10.022515
49520,9.952286,10.007622
49530,9.944415,10.039098
49540,9.937331,9.977666
49550,9.975836,10.012137
49560,10.01049,9.9982815
49570,10.041679,9.985811
49580,10.024869,9.974588
49590,10.00974,9.919607
49600,9.996123,9.959885
49610,10.0287485,9.951254
49620,10.058111,9.943486
49630,10.039658,9.891616
49640,10.023049,9.889812
49650,10.052982,9.888189
49660,10.035042,9.931608
49670,10.063775,9.925805
49680,10.044755,9.920583
49690,10.0276375,9.871002
49700,10.012232,9.87126
49710,10.043246,9.916371
49720,10.071159,9.912092
49730,10.006521,9.863361
49740,9.993227,9.864383
49750,10.026142,9.865302
49760,10.055766,9.91101
49770,10.037547,9.907267
49780,10.0660305,9.859018
49790,10.046785,9.860475
49800,10.029465,9.861785
49810,10.058756,9.862965
49820,10.085118,9.864026
49830,10.063964,9.864982
49840,10.044926,9.820961
49850,10.072671,9.871102
49860,10.052762,9.87135
49870,10.079723,9.871573
49880,10.059109,9.871774
49890,10.040556,9.871954
49900,10.068738,9.872116
49910,10.049222,9.872262
49920,10.076537,9.872394
49930,10.056241,9.872512
49941,10.037974,9.872619
49950,10.021535,9.827835
49960,10.05162,9.87729
49970,10.033815,9.876919
49980,10.017792,9.876585
49990,10.00337,9.876285
50000,10.035271,9.876014
50010,10.063981,9.9206505
50020,10.044941,9.960823
50030,10.027804,9.952099
50040,10.057261,9.944247
50050,10.038893,9.9371805
50060,10.067242,9.9757
50070,10.092755,9.965488
50080,10.070838,9.956298
50090,10.006232,9.948026
50100,10.037847,9.985461
50110,10.066299,9.974273
50120,10.047028,10.009083
50130,10.029683,9.950652
50140,10.014072,9.942945
50150,10.044903,9.9360075
50160,10.07265,9.974645
50170,10.097623,9.964538
50180,10.075218,9.955441
50190,10.010175,9.947255
50200,10.041395,9.939887
50210,10.069493,9.978136
50220,10.049902,10.01256
50230,10.0322695,9.998662
50240,10.0164,9.986154
50250,10.046998,10.019776
50261,10.074536,10.050036
50270,10.09932,10.0772705
50280,10.076746,10.056901
50290,10.056429,10.0385685
50300,10.038144,10.02207
50310,10.066567,10.052101
50320,10.047269,10.034249
50330,10.0299,10.018182
50340,10.014268,10.003721
50350,10.000199,10.035587
50360,10.032417,10.064266
50370,10.061414,10.0451975
50380,10.04263,10.028035
50390,9.980845,10.012589
50400,10.014998,10.043569
50410,10.000856,10.026569
50420,10.033009,10.05615
50430,10.017066,10.037893
50440,9.957837,10.0214615
50450,9.949411,10.051553
50460,9.986708,10.078635
50470,9.975395,10.058129
50480,9.920334,10.039674
50490,9.915658,10.023065
50500,9.91145,10.008116
50510,9.952543,10.039542
50520,9.944647,10.067825
50530,9.93754,10.048401
50540,9.931144,10.030919
50550,9.925387,10.060065
50560,9.965086,10.086296
50570,9.9559355,10.065024
50580,9.9477,10.045879
50590,9.940288,9.983769
50600,9.933617,10.017631
50610,9.927613,10.048105
50620,9.92221,10.030653
50630,9.917347,10.014946
50640,9.912971,10.00081
50650,9.909031,10.032967
50660,9.905486,10.061908
50670,9.902295,10.0879545
50680,9.899424,10.021637
50690,9.896839,10.006831
50700,9.939393,10.038385
50710,9.977692,10.066785
50720,9.96728,10.047464
50730,9.957911,10.030076
50740,9.949477,10.014426
50750,9.941887,10.045221
50760,9.979936,10.072937
50770,9.9693,10.053001
50780,9.959728,10.035059
50790,9.951114,10.018911
50800,9.94336,10.004378
50810,9.936382,10.036179
50820,9.974982,10.064798
50830,9.919962,10.045676
50840,9.915323,10.028466
50850,9.911149,10.012978
50860,9.907392,10.043918
50870,9.90401,10.026884
50880,9.900967,9.966674
50890,9.898228,9.957364
50900,9.940642,9.948985
50910,9.933936,9.986324
50920,9.97278,9.97505
50930,9.96286,9.920023
50940,9.953932,9.870499
50950,9.945896,9.870807
50960,9.983544,9.871084
50970,9.972548,9.916214
50980,9.96265,9.86707
50990,9.953743,9.822841
51000,9.945726,9.827914
51010,9.983392,9.83248
51020,9.97241,9.83659
51030,9.872767,9.750529
51040,9.783089,9.583315
51050,9.657498,9.477701
51060,9.499587,9.382649
51070,9.357467,9.207343
51080,9.139798,9.004687
51090,8.943896,8.822297
51100,8.722705,8.613266
51110,8.523633,8.380258
51120,8.254708,8.17055
51130,8.012676,7.936934
51140,7.7948475,7.6817994
51150,7.509042,7.4072986
51160,7.296696,7.2051277
51170,7.0607057,6.933414
51180,6.803434,6.6888714
51190,6.5270095,6.4239035
51200,6.233348,6.185432
51210,6.013932,5.970808
51220,5.7715783,5.7776465
51230,5.5534596,5.514041
51241,5.312273,5.2767963
51250,5.050325,5.018396
51260,4.814572,4.7858357
51270,4.602394,4.6214113
51280,4.411434,4.42855
51290,4.19469,4.210094
51300,3.9996207,4.013484
51310,3.824058,3.836535
51320,3.6211717,3.677281
51330,3.438574,3.5339522
51340,3.2742362,3.3600767
51350,3.0814521,3.2035885
51360,2.9528265,3.0627491
51371,2.7921836,2.935994
51380,2.647605,2.7770343
51390,2.4726043,2.6339705
51400,2.3151035,2.550093
51410,2.2182329,2.4297233
51420,2.0861692,2.3213906
51430,1.9673121,2.1790113
51440,1.8603407,2.05087
51450,1.7640665,1.9355427
51460,1.6774195,1.8317482
51470,1.5994374,1.7383332
51480,1.4843735,1.6542597
51490,1.380816,1.5337136
51500,1.2427343,1.3803421
51510,1.1633408,1.2423079
51520,1.0918866,1.162957
51530,0.98269796,1.0466613
51540,0.92930806,0.986875
51550,0.926137,0.9330674
51560,0.92328304,0.8846405
51570,0.83095473,0.84105635
51580,0.79273915,0.84671044
51590,0.7134652,0.8069193
51600,0.6421187,0.77110726
51610,0.5779068,0.6939965
51620,0.564996,0.62459683
51630,0.5084964,0.5621371
51640,0.45764676,0.5059234
51650,0.45676196,0.45533103
51660,0.45596564,0.4097979
51670,0.41036907,0.3688181
51680,0.36933216,0.3319363
51690,0.33239895,0.29874265
51700,0.29915905,0.2688684
51710,0.26924315,0.24198154
51720,0.24231882,0.21778338
51730,0.21808694,0.19600503
51740,0.19627824,0.17640452
51750,0.17665042,0.15876406
51760,0.15898538,0.14288765
51771,0.14308684,0.12859888
51780,0.12877814,0.115738995
51790,0.11590033,0.10416509
51800,0.1043103,0.09374858
51810,0.09387927,0.08437372
51820,0.084491335,0.07593635
51830,0.0760422,0.06834271
51840,0.06843798,0.061508436
51850,0.06159418,0.05535759
51860,0.05543476,0.04982183
51870,0.049891282,0.044839647
51880,0.044902153,0.040355682
51890,0.040411938,0.036320113
51900,0.036370743,0.0326881
51910,0.032733668,0.02941929
51920,0.0294603,0.026477361
51930,0.02651427,0.023829624
51940,0.023862842,0.02144666
51950,0.021476557,0.019301994
51960,0.019328902,0.017371794
51970,0.01739601,0.015634615
51980,0.01565641,0.0140711535
51990,0.014090768,0.012664038
52000,0.012681691,0.011397634
52010,0.011413521,0.01025787
52020,0.010272169,0.009232082
52030,0.009244951,0.0083088735
52040,0.008320456,0.007477986
52050,0.0074884105,0.006730187
52060,0.0067395694,0.0060571684
52070,0.006065612,0.0054514515
52080,0.0054590506,0.004906306
52090,0.0049131457,0.0044156755
52100,0.004421831,0.003974108
